Workbook

Sheet Dashboard
B1: ¿CÓMO VAMOS CON LA PLANEACIÓN?
B2: Tablero de lectura fácil · CENTEC Córdoba · Los números salen solos de la hoja «Registro»
B4: Año que quiere ver: | E4: 2027 | G4: Período (escriba 0 para todo el año): | K4: 0 | L4: ← cambie solo las casillas amarillas
B6: NOTA DEL COLEGIO (de 0 a 100) | F6: =IF(NOT(ISNUMBER(Tablero!B6)),"Todavía no hay datos suficientes para este año. Registre evidencias en la hoja Registro.",IF(Tablero!B6>=85,"VERDE. El colegio cumple muy bien lo que planeó. Hay que mantenerlo y compartir lo que funciona.",IF(Tablero!B6>=70,"AMARILLO. El colegio cumple, pero le falta. Revise abajo qué es lo que más hay que mejorar.","ROJO. Lo planeado no se está cumpliendo. Se necesita un plan de mejora inmediato."))) -> AMARILLO. El colegio cumple, pero le falta. Revise abajo qué es lo que más hay que mejorar. | P6: DATOS DE LOS GRÁFICOS (no editar)
B7: =IF(ISNUMBER(Tablero!B6),ROUND(Tablero!B6,0),"Sin datos") -> 78 | P7: Docente | Q7: Verde | R7: Amarillo | S7: Rojo | U7: Estado | V7: Docentes
P8: =IF(Tablero!A26="","",SUBSTITUTE(Tablero!A26,"EJEMPLO ","")) -> Docente A | Q8: =IF(Tablero!C26="Verde",ROUND(Tablero!B26,0),0) -> 94 | R8: =IF(Tablero!C26="Amarillo",ROUND(Tablero!B26,0),0) -> 0 | S8: =IF(Tablero!C26="Rojo",ROUND(Tablero!B26,0),0) -> 0 | U8: Verde | V8: =B15 -> 3
P9: =IF(Tablero!A27="","",SUBSTITUTE(Tablero!A27,"EJEMPLO ","")) -> Docente B | Q9: =IF(Tablero!C27="Verde",ROUND(Tablero!B27,0),0) -> 0 | R9: =IF(Tablero!C27="Amarillo",ROUND(Tablero!B27,0),0) -> 83 | S9: =IF(Tablero!C27="Rojo",ROUND(Tablero!B27,0),0) -> 0 | U9: Amarillo | V9: =E15 -> 3
P10: =IF(Tablero!A28="","",SUBSTITUTE(Tablero!A28,"EJEMPLO ","")) -> Docente C | Q10: =IF(Tablero!C28="Verde",ROUND(Tablero!B28,0),0) -> 0 | R10: =IF(Tablero!C28="Amarillo",ROUND(Tablero!B28,0),0) -> 0 | S10: =IF(Tablero!C28="Rojo",ROUND(Tablero!B28,0),0) -> 69 | U10: Rojo | V10: =H15 -> 2
P11: =IF(Tablero!A29="","",SUBSTITUTE(Tablero!A29,"EJEMPLO ","")) -> Docente D | Q11: =IF(Tablero!C29="Verde",ROUND(Tablero!B29,0),0) -> 91 | R11: =IF(Tablero!C29="Amarillo",ROUND(Tablero!B29,0),0) -> 0 | S11: =IF(Tablero!C29="Rojo",ROUND(Tablero!B29,0),0) -> 0 | U11: Gris | V11: =K15 -> 0
P12: =IF(Tablero!A30="","",SUBSTITUTE(Tablero!A30,"EJEMPLO ","")) -> Docente E | Q12: =IF(Tablero!C30="Verde",ROUND(Tablero!B30,0),0) -> 0 | R12: =IF(Tablero!C30="Amarillo",ROUND(Tablero!B30,0),0) -> 72 | S12: =IF(Tablero!C30="Rojo",ROUND(Tablero!B30,0),0) -> 0
B13: ¿CUÁNTOS DOCENTES ESTÁN EN CADA COLOR? | P13: =IF(Tablero!A31="","",SUBSTITUTE(Tablero!A31,"EJEMPLO ","")) -> Docente F | Q13: =IF(Tablero!C31="Verde",ROUND(Tablero!B31,0),0) -> 0 | R13: =IF(Tablero!C31="Amarillo",ROUND(Tablero!B31,0),0) -> 0 | S13: =IF(Tablero!C31="Rojo",ROUND(Tablero!B31,0),0) -> 52
B14: VERDE | E14: AMARILLO | H14: ROJO | K14: GRIS | P14: =IF(Tablero!A32="","",SUBSTITUTE(Tablero!A32,"EJEMPLO ","")) -> Docente G | Q14: =IF(Tablero!C32="Verde",ROUND(Tablero!B32,0),0) -> 86 | R14: =IF(Tablero!C32="Amarillo",ROUND(Tablero!B32,0),0) -> 0 | S14: =IF(Tablero!C32="Rojo",ROUND(Tablero!B32,0),0) -> 0 | U14: Componente | V14: Verde | W14: Amarillo | X14: Rojo | Y14: Valor
B15: =COUNTIF(Tablero!$C$26:$C$65,"Verde") -> 3 | E15: =COUNTIF(Tablero!$C$26:$C$65,"Amarillo") -> 3 | H15: =COUNTIF(Tablero!$C$26:$C$65,"Rojo") -> 2 | K15: =COUNTIFS(Tablero!$A$26:$A$65,"<>",Tablero!$B$26:$B$65,"Sin datos") -> 0 | P15: =IF(Tablero!A33="","",SUBSTITUTE(Tablero!A33,"EJEMPLO ","")) -> Docente H | Q15: =IF(Tablero!C33="Verde",ROUND(Tablero!B33,0),0) -> 0 | R15: =IF(Tablero!C33="Amarillo",ROUND(Tablero!B33,0),0) -> 73 | S15: =IF(Tablero!C33="Rojo",ROUND(Tablero!B33,0),0) -> 0 | U15: Planeó a tiempo | V15: =IF(AND(ISNUMBER(Y15),N(Y15)>=85),Y15,0) -> 0 | W15: =IF(AND(ISNUMBER(Y15),N(Y15)>=70,N(Y15)<85),Y15,0) -> 83 | X15: =IF(AND(ISNUMBER(Y15),N(Y15)<70),Y15,0) -> 0 | Y15: =IF(ISNUMBER(Tablero!B13),ROUND(Tablero!B13,0),"") -> 83
P16: =IF(Tablero!A34="","",SUBSTITUTE(Tablero!A34,"EJEMPLO ","")) | Q16: =IF(Tablero!C34="Verde",ROUND(Tablero!B34,0),0) -> 0 | R16: =IF(Tablero!C34="Amarillo",ROUND(Tablero!B34,0),0) -> 0 | S16: =IF(Tablero!C34="Rojo",ROUND(Tablero!B34,0),0) -> 0 | U16: Cumplió las semanas | V16: =IF(AND(ISNUMBER(Y16),N(Y16)>=85),Y16,0) -> 88 | W16: =IF(AND(ISNUMBER(Y16),N(Y16)>=70,N(Y16)<85),Y16,0) -> 0 | X16: =IF(AND(ISNUMBER(Y16),N(Y16)<70),Y16,0) -> 0 | Y16: =IF(ISNUMBER(Tablero!B14),ROUND(Tablero!B14,0),"") -> 88
P17: =IF(Tablero!A35="","",SUBSTITUTE(Tablero!A35,"EJEMPLO ","")) | Q17: =IF(Tablero!C35="Verde",ROUND(Tablero!B35,0),0) -> 0 | R17: =IF(Tablero!C35="Amarillo",ROUND(Tablero!B35,0),0) -> 0 | S17: =IF(Tablero!C35="Rojo",ROUND(Tablero!B35,0),0) -> 0 | U17: Enseñó los DBA | V17: =IF(AND(ISNUMBER(Y17),N(Y17)>=85),Y17,0) -> 0 | W17: =IF(AND(ISNUMBER(Y17),N(Y17)>=70,N(Y17)<85),Y17,0) -> 84 | X17: =IF(AND(ISNUMBER(Y17),N(Y17)<70),Y17,0) -> 0 | Y17: =IF(ISNUMBER(Tablero!B15),ROUND(Tablero!B15,0),"") -> 84
B18: cumplen muy bien | E18: cumplen a medias | H18: no cumplen | K18: faltan datos | P18: =IF(Tablero!A36="","",SUBSTITUTE(Tablero!A36,"EJEMPLO ","")) | Q18: =IF(Tablero!C36="Verde",ROUND(Tablero!B36,0),0) -> 0 | R18: =IF(Tablero!C36="Amarillo",ROUND(Tablero!B36,0),0) -> 0 | S18: =IF(Tablero!C36="Rojo",ROUND(Tablero!B36,0),0) -> 0 | U18: Calidad del planeador | V18: =IF(AND(ISNUMBER(Y18),N(Y18)>=85),Y18,0) -> 0 | W18: =IF(AND(ISNUMBER(Y18),N(Y18)>=70,N(Y18)<85),Y18,0) -> 73 | X18: =IF(AND(ISNUMBER(Y18),N(Y18)<70),Y18,0) -> 0 | Y18: =IF(ISNUMBER(Tablero!B16),ROUND(Tablero!B16,0),"") -> 73
B19: =IFERROR("De cada 10 docentes, "&ROUND(10*COUNTIF(Tablero!$C$26:$C$65,"Verde")/COUNTA(Tablero!$A$26:$A$65),0)&" están en verde y "&ROUND(10*COUNTIF(Tablero!$C$26:$C$65,"Rojo")/COUNTA(Tablero!$A$26:$A$65),0)&" están en rojo.","") -> De cada 10 docentes, 4 están en verde y 3 están en rojo. | P19: =IF(Tablero!A37="","",SUBSTITUTE(Tablero!A37,"EJEMPLO ","")) | Q19: =IF(Tablero!C37="Verde",ROUND(Tablero!B37,0),0) -> 0 | R19: =IF(Tablero!C37="Amarillo",ROUND(Tablero!B37,0),0) -> 0 | S19: =IF(Tablero!C37="Rojo",ROUND(Tablero!B37,0),0) -> 0 | U19: Cuadernos | V19: =IF(AND(ISNUMBER(Y19),N(Y19)>=85),Y19,0) -> 0 | W19: =IF(AND(ISNUMBER(Y19),N(Y19)>=70,N(Y19)<85),Y19,0) -> 74 | X19: =IF(AND(ISNUMBER(Y19),N(Y19)<70),Y19,0) -> 0 | Y19: =IF(ISNUMBER(Tablero!B17),ROUND(Tablero!B17,0),"") -> 74
P20: =IF(Tablero!A38="","",SUBSTITUTE(Tablero!A38,"EJEMPLO ","")) | Q20: =IF(Tablero!C38="Verde",ROUND(Tablero!B38,0),0) -> 0 | R20: =IF(Tablero!C38="Amarillo",ROUND(Tablero!B38,0),0) -> 0 | S20: =IF(Tablero!C38="Rojo",ROUND(Tablero!B38,0),0) -> 0 | U20: Clase observada | V20: =IF(AND(ISNUMBER(Y20),N(Y20)>=85),Y20,0) -> 0 | W20: =IF(AND(ISNUMBER(Y20),N(Y20)>=70,N(Y20)<85),Y20,0) -> 73 | X20: =IF(AND(ISNUMBER(Y20),N(Y20)<70),Y20,0) -> 0 | Y20: =IF(ISNUMBER(Tablero!B18),ROUND(Tablero!B18,0),"") -> 73
B21: NOTA DE CADA DOCENTE (de 0 a 100) · el color dice cómo va | P21: =IF(Tablero!A39="","",SUBSTITUTE(Tablero!A39,"EJEMPLO ","")) | Q21: =IF(Tablero!C39="Verde",ROUND(Tablero!B39,0),0) -> 0 | R21: =IF(Tablero!C39="Amarillo",ROUND(Tablero!B39,0),0) -> 0 | S21: =IF(Tablero!C39="Rojo",ROUND(Tablero!B39,0),0) -> 0 | U21: Lo que aprendieron | V21: =IF(AND(ISNUMBER(Y21),N(Y21)>=85),Y21,0) -> 0 | W21: =IF(AND(ISNUMBER(Y21),N(Y21)>=70,N(Y21)<85),Y21,0) -> 71 | X21: =IF(AND(ISNUMBER(Y21),N(Y21)<70),Y21,0) -> 0 | Y21: =IF(ISNUMBER(Tablero!B19),ROUND(Tablero!B19,0),"") -> 71
P22: =IF(Tablero!A40="","",SUBSTITUTE(Tablero!A40,"EJEMPLO ","")) | Q22: =IF(Tablero!C40="Verde",ROUND(Tablero!B40,0),0) -> 0 | R22: =IF(Tablero!C40="Amarillo",ROUND(Tablero!B40,0),0) -> 0 | S22: =IF(Tablero!C40="Rojo",ROUND(Tablero!B40,0),0) -> 0 | U22: Inclusión (PIAR) | V22: =IF(AND(ISNUMBER(Y22),N(Y22)>=85),Y22,0) -> 94 | W22: =IF(AND(ISNUMBER(Y22),N(Y22)>=70,N(Y22)<85),Y22,0) -> 0 | X22: =IF(AND(ISNUMBER(Y22),N(Y22)<70),Y22,0) -> 0 | Y22: =IF(ISNUMBER(Tablero!B20),ROUND(Tablero!B20,0),"") -> 94
P23: =IF(Tablero!A41="","",SUBSTITUTE(Tablero!A41,"EJEMPLO ","")) | Q23: =IF(Tablero!C41="Verde",ROUND(Tablero!B41,0),0) -> 0 | R23: =IF(Tablero!C41="Amarillo",ROUND(Tablero!B41,0),0) -> 0 | S23: =IF(Tablero!C41="Rojo",ROUND(Tablero!B41,0),0) -> 0 | U23: Proyectos transversales | V23: =IF(AND(ISNUMBER(Y23),N(Y23)>=85),Y23,0) -> 85 | W23: =IF(AND(ISNUMBER(Y23),N(Y23)>=70,N(Y23)<85),Y23,0) -> 0 | X23: =IF(AND(ISNUMBER(Y23),N(Y23)<70),Y23,0) -> 0 | Y23: =IF(ISNUMBER(Tablero!B21),ROUND(Tablero!B21,0),"") -> 85
P24: =IF(Tablero!A42="","",SUBSTITUTE(Tablero!A42,"EJEMPLO ","")) | Q24: =IF(Tablero!C42="Verde",ROUND(Tablero!B42,0),0) -> 0 | R24: =IF(Tablero!C42="Amarillo",ROUND(Tablero!B42,0),0) -> 0 | S24: =IF(Tablero!C42="Rojo",ROUND(Tablero!B42,0),0) -> 0 | U24: Opinión de estudiantes | V24: =IF(AND(ISNUMBER(Y24),N(Y24)>=85),Y24,0) -> 0 | W24: =IF(AND(ISNUMBER(Y24),N(Y24)>=70,N(Y24)<85),Y24,0) -> 81 | X24: =IF(AND(ISNUMBER(Y24),N(Y24)<70),Y24,0) -> 0 | Y24: =IF(ISNUMBER(Tablero!B22),ROUND(Tablero!B22,0),"") -> 81
P25: =IF(Tablero!A43="","",SUBSTITUTE(Tablero!A43,"EJEMPLO ","")) | Q25: =IF(Tablero!C43="Verde",ROUND(Tablero!B43,0),0) -> 0 | R25: =IF(Tablero!C43="Amarillo",ROUND(Tablero!B43,0),0) -> 0 | S25: =IF(Tablero!C43="Rojo",ROUND(Tablero!B43,0),0) -> 0
P26: =IF(Tablero!A44="","",SUBSTITUTE(Tablero!A44,"EJEMPLO ","")) | Q26: =IF(Tablero!C44="Verde",ROUND(Tablero!B44,0),0) -> 0 | R26: =IF(Tablero!C44="Amarillo",ROUND(Tablero!B44,0),0) -> 0 | S26: =IF(Tablero!C44="Rojo",ROUND(Tablero!B44,0),0) -> 0
P27: =IF(Tablero!A45="","",SUBSTITUTE(Tablero!A45,"EJEMPLO ","")) | Q27: =IF(Tablero!C45="Verde",ROUND(Tablero!B45,0),0) -> 0 | R27: =IF(Tablero!C45="Amarillo",ROUND(Tablero!B45,0),0) -> 0 | S27: =IF(Tablero!C45="Rojo",ROUND(Tablero!B45,0),0) -> 0 | U27: Año | V27: Nota del colegio
P28: =IF(Tablero!A46="","",SUBSTITUTE(Tablero!A46,"EJEMPLO ","")) | Q28: =IF(Tablero!C46="Verde",ROUND(Tablero!B46,0),0) -> 0 | R28: =IF(Tablero!C46="Amarillo",ROUND(Tablero!B46,0),0) -> 0 | S28: =IF(Tablero!C46="Rojo",ROUND(Tablero!B46,0),0) -> 0 | U28: ='Año vs año'!B4 -> 2027 | V28: =IF(ISNUMBER('Año vs año'!B5),ROUND('Año vs año'!B5,0),0) -> 78
P29: =IF(Tablero!A47="","",SUBSTITUTE(Tablero!A47,"EJEMPLO ","")) | Q29: =IF(Tablero!C47="Verde",ROUND(Tablero!B47,0),0) -> 0 | R29: =IF(Tablero!C47="Amarillo",ROUND(Tablero!B47,0),0) -> 0 | S29: =IF(Tablero!C47="Rojo",ROUND(Tablero!B47,0),0) -> 0 | U29: ='Año vs año'!C4 -> 2028 | V29: =IF(ISNUMBER('Año vs año'!C5),ROUND('Año vs año'!C5,0),0) -> 83
P30: =IF(Tablero!A48="","",SUBSTITUTE(Tablero!A48,"EJEMPLO ","")) | Q30: =IF(Tablero!C48="Verde",ROUND(Tablero!B48,0),0) -> 0 | R30: =IF(Tablero!C48="Amarillo",ROUND(Tablero!B48,0),0) -> 0 | S30: =IF(Tablero!C48="Rojo",ROUND(Tablero!B48,0),0) -> 0 | U30: ='Año vs año'!D4 -> 2029 | V30: =IF(ISNUMBER('Año vs año'!D5),ROUND('Año vs año'!D5,0),0) -> 0
P31: =IF(Tablero!A49="","",SUBSTITUTE(Tablero!A49,"EJEMPLO ","")) | Q31: =IF(Tablero!C49="Verde",ROUND(Tablero!B49,0),0) -> 0 | R31: =IF(Tablero!C49="Amarillo",ROUND(Tablero!B49,0),0) -> 0 | S31: =IF(Tablero!C49="Rojo",ROUND(Tablero!B49,0),0) -> 0 | U31: ='Año vs año'!E4 -> 2030 | V31: =IF(ISNUMBER('Año vs año'!E5),ROUND('Año vs año'!E5,0),0) -> 0
P32: =IF(Tablero!A50="","",SUBSTITUTE(Tablero!A50,"EJEMPLO ","")) | Q32: =IF(Tablero!C50="Verde",ROUND(Tablero!B50,0),0) -> 0 | R32: =IF(Tablero!C50="Amarillo",ROUND(Tablero!B50,0),0) -> 0 | S32: =IF(Tablero!C50="Rojo",ROUND(Tablero!B50,0),0) -> 0 | U32: ='Año vs año'!F4 -> 2031 | V32: =IF(ISNUMBER('Año vs año'!F5),ROUND('Año vs año'!F5,0),0) -> 0
P33: =IF(Tablero!A51="","",SUBSTITUTE(Tablero!A51,"EJEMPLO ","")) | Q33: =IF(Tablero!C51="Verde",ROUND(Tablero!B51,0),0) -> 0 | R33: =IF(Tablero!C51="Amarillo",ROUND(Tablero!B51,0),0) -> 0 | S33: =IF(Tablero!C51="Rojo",ROUND(Tablero!B51,0),0) -> 0
P34: =IF(Tablero!A52="","",SUBSTITUTE(Tablero!A52,"EJEMPLO ","")) | Q34: =IF(Tablero!C52="Verde",ROUND(Tablero!B52,0),0) -> 0 | R34: =IF(Tablero!C52="Amarillo",ROUND(Tablero!B52,0),0) -> 0 | S34: =IF(Tablero!C52="Rojo",ROUND(Tablero!B52,0),0) -> 0
P35: =IF(Tablero!A53="","",SUBSTITUTE(Tablero!A53,"EJEMPLO ","")) | Q35: =IF(Tablero!C53="Verde",ROUND(Tablero!B53,0),0) -> 0 | R35: =IF(Tablero!C53="Amarillo",ROUND(Tablero!B53,0),0) -> 0 | S35: =IF(Tablero!C53="Rojo",ROUND(Tablero!B53,0),0) -> 0
P36: =IF(Tablero!A54="","",SUBSTITUTE(Tablero!A54,"EJEMPLO ","")) | Q36: =IF(Tablero!C54="Verde",ROUND(Tablero!B54,0),0) -> 0 | R36: =IF(Tablero!C54="Amarillo",ROUND(Tablero!B54,0),0) -> 0 | S36: =IF(Tablero!C54="Rojo",ROUND(Tablero!B54,0),0) -> 0
P37: =IF(Tablero!A55="","",SUBSTITUTE(Tablero!A55,"EJEMPLO ","")) | Q37: =IF(Tablero!C55="Verde",ROUND(Tablero!B55,0),0) -> 0 | R37: =IF(Tablero!C55="Amarillo",ROUND(Tablero!B55,0),0) -> 0 | S37: =IF(Tablero!C55="Rojo",ROUND(Tablero!B55,0),0) -> 0
B43: =IF(COUNTA(Tablero!A26:A65)>12,"Hay más de 12 docentes: el gráfico muestra los 12 primeros. La lista completa está en la hoja Tablero.","El gráfico muestra hasta 12 docentes; la lista completa está en la hoja Tablero.") -> El gráfico muestra hasta 12 docentes; la lista completa está en la hoja Tablero.
H44: ¿EN QUÉ SOMOS BUENOS Y QUÉ FALTA?
B45: DOCENTES POR COLOR | H45: =IFERROR("Lo que mejor hacemos: "&INDEX(Dashboard!$U$15:$U$24,MATCH(MAX(Dashboard!$Y$15:$Y$24),Dashboard!$Y$15:$Y$24,0))&" ("&MAX(Dashboard!$Y$15:$Y$24)&" de 100)","Sin datos") -> Lo que mejor hacemos: Inclusión (PIAR) (94 de 100)
H47: =IFERROR("Lo que más debemos mejorar: "&INDEX(Dashboard!$U$15:$U$24,MATCH(MIN(Dashboard!$Y$15:$Y$24),Dashboard!$Y$15:$Y$24,0))&" ("&MIN(Dashboard!$Y$15:$Y$24)&" de 100)","Sin datos") -> Lo que más debemos mejorar: Lo que aprendieron (71 de 100)
H49: =IFERROR("Componentes por debajo de 70: "&COUNTIF(Dashboard!$Y$15:$Y$24,"<70")&" de "&COUNT(Dashboard!$Y$15:$Y$24),"") -> Componentes por debajo de 70: 0 de 10
H51: Meta de cada componente: 85 o más (verde). Entre 70 y 84 es amarillo. Menos de 70 es rojo.
B64: ¿QUÉ PARTE DEL TRABAJO VA MEJOR Y CUÁL PEOR? (promedio del colegio, de 0 a 100)
B86: ¿VAMOS MEJORANDO AÑO TRAS AÑO? (nota del colegio)
B104: =IF('Año vs año'!H5="—","Cuando haya dos años con datos, aquí verá si el colegio mejoró, se mantuvo o retrocedió.","Comparado con el año anterior, el colegio "&IF('Año vs año'!G5>=5,"MEJORÓ",IF('Año vs año'!G5<=-5,"RETROCEDIÓ","SE MANTUVO IGUAL"))&" ("&TEXT('Año vs año'!G5,"+0;-0;0")&" puntos).") -> Comparado con el año anterior, el colegio MEJORÓ (+5 puntos).
B107: CÓMO LEER ESTE TABLERO
B108: • La nota va de 0 a 100. Más alta es mejor.
B109: • Verde (85 o más): cumple muy bien. Amarillo (70 a 84): cumple a medias. Rojo (menos de 70): no cumple. Gris: faltan datos para calificar.
B110: • La nota no la pone una sola persona: combina planeadores, semanas cumplidas, cuadernos sorteados, clases observadas por dos personas, lo que aprendieron los estudiantes y su opinión.
B111: • Una diferencia de 5 puntos o más entre años es un cambio real; menos de 5 se considera igual.
B112: • Para ver otro año o período, cambie las casillas amarillas de arriba.

Sheet Instrucciones
A1: TABLERO DE INDICADORES — PLANEACIÓN ACADÉMICA CENTEC (multi-año: 2027, 2028, …)
A2: Complemento en Excel del aplicativo Sistema de Planeación CENTEC. Sirve para auditar en papel/Excel o cuando no haya conexión. Las fórmulas son las mismas del aplicativo (v1.0).
A4: CÓMO USARLO
A5: 1. Celdas con fondo amarillo = datos que usted digita. Celdas blancas = fórmulas (no las edite).
A6: 2. Hoja «Registro»: una fila por docente y período, para cualquier año (columna Año). Las filas marcadas EJEMPLO muestran el formato: bórrelas antes de usar.
A7: 3. Hoja «Parámetros»: pesos, umbrales y constantes. Si se cambian, suba la versión: el comparativo año a año dejará de ser comparable.
A8: 4. Hoja «Tablero»: resumen por docente y por año. Hoja «Año vs año»: compara automáticamente cada indicador entre 2027 y 2031.
A9: 5. Hoja «Lecciones»: decisiones del cierre anual (mantener / ajustar / eliminar / escalar) que alimentan la planeación del año siguiente.
A11: REGLAS QUE EVITAN EL SESGO
A12: • Ejecución < 60 % ⇒ rojo automático
A13: • PIAR < 80 % ⇒ máximo amarillo
A14: • Observación < 50 con 2 observadores ⇒ máximo amarillo
... A20: FUENTES: Teach (Banco Mundial) para observación; ganancia normalizada de Hake (1998) con contracción bayesiana; MET Project para pesos; EEF Toolkit y Dunlosky et al. (2013) para prácticas.

Sheet Parámetros
A1: Parámetro | B1: Valor | C1: Descripción / fuente
A2: C1 Planeación entregada a tiempo | B2: 0.05 | C2: planeadores entregados ≤ fecha límite / exigidos × 100
A3: C2 Ejecución de semanas planeadas | B3: 0.1 | C3: semanas con evidencia fechada (cuaderno/foto/SABI) que coincide con el planeador / semanas planeadas × 100
A4: C3 Cobertura de DBA | B4: 0.1 | C4: DBA con actividad y evaluación evidenciadas / DBA programados del período × 100
A5: C4 Calidad del planeador (R1) | B5: 0.1 | C5: suma de 8 criterios 0–3 / 24 × 100
A6: C5 Revisión de cuadernos (R2) | B6: 0.1 | C6: promedio rúbrica 0–3 en muestra aleatoria ciega → 0–100
A7: C6 Observación de aula (Teach) | B7: 0.2 | C7: (promedio 9 elementos − 1)/4 × 100; kappa ≥ 0,60; normalizado por observador
A8: C7 Ganancia de aprendizaje | B8: 0.15 | C8: g Hake por estudiante (pre ≤ 90) → contracción n/(n+10) → g 0,10=0 · 0,50=100
A9: C8 PIAR y ajustes razonables | B9: 0.1 | C9: ajustes verificados / ajustes comprometidos × 100
A10: C9 Proyectos transversales | B10: 0.05 | C10: fases INSPIRA–DISEÑA–EXPLORA–CREA–EVALÚA evidenciadas / 5 × 100
A11: C10 Percepción estudiantil (7Cs adaptada) | B11: 0.05 | C11: promedio 10 ítems → 0–100; solo si n ≥ 10; anónima
A12: Suma de pesos (debe ser 100 %) | B12: =SUM(B2:B11) -> 1 | C12: Control
A13: Umbral verde | B13: 85 | C13: ICD ≥ 85
A14: Umbral amarillo | B14: 70 | C14: ICD 70–84; menor que 70 = rojo
A15: Kappa mínimo | B15: 0.6 | C15: Landis y Koch: ≥ 0,61 sustancial. Por debajo, la observación no cuenta
A16: k de contracción | B16: 10 | C16: g ajustada = n/(n+k)·g + k/(n+k)·g media
A17: g media del colegio | B17: 0.3 | C17: Actualizar cada año con el promedio institucional real (2027: supuesto inicial, Hake 1998)
A18: Mínimo de fuentes | B18: 3 | C18: Sin 3 fuentes no se asigna color
A19: Versión de fórmulas | B19: 1.0 | C19: Cambia si cambia cualquier peso o fórmula

Sheet Registro
A1: Año | B1: Período | C1: Docente | D1: Grado / área | E1: Planeadores exigidos | F1: Planeadores a tiempo | G1: Semanas planeadas | H1: Semanas con evidencia | I1: DBA programados | J1: DBA evidenciados | K1: R1 total (0–24) | L1: R2 promedio (0–3) | M1: Teach promedio (1–5) | N1: κ ponderado (vacío si 1 obs.) | O1: Observadores distintos | P1: g promedio estudiantes | Q1: n estudiantes (pre ≤ 90) | R1: Ajustes PIAR comprometidos | S1: Ajustes PIAR verificados | T1: Fases transversales evidenciadas | U1: Proyectos asignados | V1: Encuesta promedio (1–5) | W1: n encuesta | X1: C1 Puntualidad | Y1: C2 Ejecución | Z1: C3 Cobertura DBA | AA1: C4 Planeador | AB1: C5 Cuadernos | AC1: C6 Observación | AD1: C7 Aprendizaje | AE1: C8 PIAR | AF1: C9 Transversal | AG1: C10 Estudiantes | AH1: Fuentes con dato | AI1: ICD sin tope | AJ1: Tope por reglas | AK1: ICD | AL1: Estado | AM1: Regla aplicada
A2: 2027 | B2: 1 | C2: EJEMPLO Docente A | D2: Transición | E2: 10 | F2: 10 | G2: 10 | H2: 10 | I2: 6 | J2: 6 | K2: 21 | L2: 2.7 | M2: 4.9 | N2: 0.82 | O2: 2 | P2: 0.46 | Q2: 29 | R2: 6 | S2: 6 | T2: 5 | U2: 1 | V2: 4.6 | W2: 20 | X2: =IF(N(E2)>0,MIN(100,F2/E2*100),"") -> 100 | Y2: =IF(N(G2)>0,MIN(100,H2/G2*100),"") -> 100 | Z2: =IF(N(I2)>0,MIN(100,J2/I2*100),"") -> 100 | AA2: =IF(K2="","",K2/24*100) -> 87.5 | AB2: =IF(L2="","",L2/3*100) -> 90 | AC2: =IF(OR(M2="",AND(N2<>"",N(N2)<Parámetros!$B$15)),"",MAX(0,MIN(100,(M2-1)/4*100))) -> 97.5 | AD2: =IF(OR(P2="",N(Q2)=0),"",MAX(0,MIN(100,((Q2/(Q2+Parámetros!$B$16))*P2+(Parámetros!$B$16/(Q2+Parámetros!$B$16))*Parámetros!$B$17-0.1)/0.4*100))) -> 79.74359 | AE2: =IF(N(R2)>0,MIN(100,S2/R2*100),"") -> 100 | AF2: =IF(N(U2)>0,MIN(100,T2/(U2*5)*100),"") -> 100 | AG2: =IF(OR(V2="",N(W2)<10),"",(V2-1)/4*100) -> 90 | AH2: =IF($C2="","",COUNT(X2:AG2)) -> 10 | AI2: =IF(OR($C2="",N(AH2)<Parámetros!$B$18),"",(IF(ISNUMBER(X2),X2*Parámetros!$B$2,0)+IF(ISNUMBER(Y2),Y2*Parámetros!$B$3,0)+IF(ISNUMBER(Z2),Z2*Parámetros!$B$4,0)+IF(ISNUMBER(AA2),AA2*Parámetros!$B$5,0)+IF(ISNUMBER(AB2),AB2*Parámetros!$B$6,0)+IF(ISNUMBER(AC2),AC2*Parámetros!$B$7,0)+IF(ISNUMBER(AD2),AD2*Parámetros!$B$8,0)+IF(ISNUMBER(AE2),AE2*Parámetros!$B$9,0)+IF(ISNUMBER(AF2),AF2*Parámetros!$B$10,0)+IF(ISNUMBER(AG2),AG2*Parámetros!$B$11,0))/(IF(ISNUMBER(X2),Parámetros!$B$2,0)+IF(ISNUMBER(Y2),Parámetros!$B$3,0)+IF(ISNUMBER(Z2),Parámetros!$B$4,0)+IF(ISNUMBER(AA2),Parámetros!$B$5,0)+IF(ISNUMBER(AB2),Parámetros!$B$6,0)+IF(ISNUMBER(AC2),Parámetros!$B$7,0)+IF(ISNUMBER(AD2),Parámetros!$B$8,0)+IF(ISNUMBER(AE2),Parámetros!$B$9,0)+IF(ISNUMBER(AF2),Parámetros!$B$10,0)+IF(ISNUMBER(AG2),Parámetros!$B$11,0))) -> 93.711538 | AJ2: =IF(AND(ISNUMBER(Y2),N(Y2)<60),69.9,IF(OR(AND(ISNUMBER(AE2),N(AE2)<80),AND(ISNUMBER(AC2),N(AC2)<50,N(O2)>=2)),84.9,100)) -> 100 | AK2: =IF(AI2="","",MIN(AI2,AJ2)) -> 93.711538 | AL2: =IF($C2="","",IF(AK2="","Gris — menos de 3 fuentes",IF(AND(AK2<Parámetros!$B$14,N2<>"",N(N2)<Parámetros!$B$15,N(Y2)>=60),"Gris — repetir observación",IF(AK2>=Parámetros!$B$13,"Verde",IF(AK2>=Parámetros!$B$14,"Amarillo","Rojo"))))) -> Verde | AM2: =IF($C2="","",IF(AND(ISNUMBER(Y2),N(Y2)<60),"Ejecución < 60 %: rojo automático",IF(AND(ISNUMBER(AE2),N(AE2)<80),"PIAR < 80 %: máximo amarillo",IF(AND(ISNUMBER(AC2),N(AC2)<50,N(O2)>=2),"Observación < 50: máximo amarillo",IF(AND(N2<>"",N(N2)<Parámetros!$B$15),"κ < 0,60: observación descartada, repetir","")))))
A3: 2027 | B3: 1 | C3: EJEMPLO Docente B | D3: 1° Integrada | E3: 10 | F3: 8 | G3: 10 | H3: 10 | I3: 6 | J3: 5 | K3: 19 | L3: 2.2 | M3: 4 | N3: 0.85 | O3: 2 | P3: 0.52 | Q3: 24 | T3: 4 | U3: 1 | V3: 4.3 | W3: 24 | X3: =IF(N(E3)>0,MIN(100,F3/E3*100),"") -> 80 | Y3: =IF(N(G3)>0,MIN(100,H3/G3*100),"") -> 100 | Z3: =IF(N(I3)>0,MIN(100,J3/I3*100),"") -> 83.333333 | AA3: =IF(K3="","",K3/24*100) -> 79.166667 | AB3: =IF(L3="","",L3/3*100) -> 73.333333 | AC3: =IF(OR(M3="",AND(N3<>"",N(N3)<Parámetros!$B$15)),"",MAX(0,MIN(100,(M3-1)/4*100))) -> 75 | AD3: =IF(OR(P3="",N(Q3)=0),"",MAX(0,MIN(100,((Q3/(Q3+Parámetros!$B$16))*P3+(Parámetros!$B$16/(Q3+Parámetros!$B$16))*Parámetros!$B$17-0.1)/0.4*100))) -> 88.823529 | AE3: =IF(N(R3)>0,MIN(100,S3/R3*100),"") | AF3: =IF(N(U3)>0,MIN(100,T3/(U3*5)*100),"") -> 80 | AG3: =IF(OR(V3="",N(W3)<10),"",(V3-1)/4*100) -> 82.5 | AH3: =IF($C3="","",COUNT(X3:AG3)) -> 9 | AI3: =IF(OR($C3="",N(AH3)<Parámetros!$B$18),"",(IF(ISNUMBER(X3),X3*Parámetros!$B$2,0)+IF(ISNUMBER(Y3),Y3*Parámetros!$B$3,0)+IF(ISNUMBER(Z3),Z3*Parámetros!$B$4,0)+IF(ISNUMBER(AA3),AA3*Parámetros!$B$5,0)+IF(ISNUMBER(AB3),AB3*Parámetros!$B$6,0)+IF(ISNUMBER(AC3),AC3*Parámetros!$B$7,0)+IF(ISNUMBER(AD3),AD3*Parámetros!$B$8,0)+IF(ISNUMBER(AE3),AE3*Parámetros!$B$9,0)+IF(ISNUMBER(AF3),AF3*Parámetros!$B$10,0)+IF(ISNUMBER(AG3),AG3*Parámetros!$B$11,0))/(IF(ISNUMBER(X3),Parámetros!$B$2,0)+IF(ISNUMBER(Y3),Parámetros!$B$3,0)+IF(ISNUMBER(Z3),Parámetros!$B$4,0)+IF(ISNUMBER(AA3),Parámetros!$B$5,0)+IF(ISNUMBER(AB3),Parámetros!$B$6,0)+IF(ISNUMBER(AC3),Parámetros!$B$7,0)+IF(ISNUMBER(AD3),Parámetros!$B$8,0)+IF(ISNUMBER(AE3),Parámetros!$B$9,0)+IF(ISNUMBER(AF3),Parámetros!$B$10,0)+IF(ISNUMBER(AG3),Parámetros!$B$11,0))) -> 82.257625 | AJ3: =IF(AND(ISNUMBER(Y3),N(Y3)<60),69.9,IF(OR(AND(ISNUMBER(AE3),N(AE3)<80),AND(ISNUMBER(AC3),N(AC3)<50,N(O3)>=2)),84.9,100)) -> 100 | AK3: =IF(AI3="","",MIN(AI3,AJ3)) -> 82.257625 | AL3: =IF($C3="","",IF(AK3="","Gris — menos de 3 fuentes",IF(AND(AK3<Parámetros!$B$14,N3<>"",N(N3)<Parámetros!$B$15,N(Y3)>=60),"Gris — repetir observación",IF(AK3>=Parámetros!$B$13,"Verde",IF(AK3>=Parámetros!$B$14,"Amarillo","Rojo"))))) -> Amarillo | AM3: =IF($C3="","",IF(AND(ISNUMBER(Y3),N(Y3)<60),"Ejecución < 60 %: rojo automático",IF(AND(ISNUMBER(AE3),N(AE3)<80),"PIAR < 80 %: máximo amarillo",IF(AND(ISNUMBER(AC3),N(AC3)<50,N(O3)>=2),"Observación < 50: máximo amarillo",IF(AND(N3<>"",N(N3)<Parámetros!$B$15),"κ < 0,60: observación descartada, repetir","")))))
A4: 2027 | B4: 1 | C4: EJEMPLO Docente C | D4: 3° Integrada | E4: 10 | F4: 7 | G4: 10 | H4: 7 | I4: 6 | J4: 5 | K4: 16 | L4: 2.1 | M4: 3.4 | N4: 0.73 | O4: 2 | P4: 0.44 | Q4: 27 | T4: 4 | U4: 1 | V4: 4 | W4: 23 | X4: =IF(N(E4)>0,MIN(100,F4/E4*100),"") -> 70 | Y4: =IF(N(G4)>0,MIN(100,H4/G4*100),"") -> 70 | Z4: =IF(N(I4)>0,MIN(100,J4/I4*100),"") -> 83.333333 | AA4: =IF(K4="","",K4/24*100) -> 66.666667 | AB4: =IF(L4="","",L4/3*100) -> 70 | AC4: =IF(OR(M4="",AND(N4<>"",N(N4)<Parámetros!$B$15)),"",MAX(0,MIN(100,(M4-1)/4*100))) -> 60 | AD4: =IF(OR(P4="",N(Q4)=0),"",MAX(0,MIN(100,((Q4/(Q4+Parámetros!$B$16))*P4+(Parámetros!$B$16/(Q4+Parámetros!$B$16))*Parámetros!$B$17-0.1)/0.4*100))) -> 75.540541 | AE4: =IF(N(R4)>0,MIN(100,S4/R4*100),"") | AF4: =IF(N(U4)>0,MIN(100,T4/(U4*5)*100),"") -> 80 | AG4: =IF(OR(V4="",N(W4)<10),"",(V4-1)/4*100) -> 75 | AH4: =IF($C4="","",COUNT(X4:AG4)) -> 9 | AI4: =IF(OR($C4="",N(AH4)<Parámetros!$B$18),"",(IF(ISNUMBER(X4),X4*Parámetros!$B$2,0)+IF(ISNUMBER(Y4),Y4*Parámetros!$B$3,0)+IF(ISNUMBER(Z4),Z4*Parámetros!$B$4,0)+IF(ISNUMBER(AA4),AA4*Parámetros!$B$5,0)+IF(ISNUMBER(AB4),AB4*Parámetros!$B$6,0)+IF(ISNUMBER(AC4),AC4*Parámetros!$B$7,0)+IF(ISNUMBER(AD4),AD4*Parámetros!$B$8,0)+IF(ISNUMBER(AE4),AE4*Parámetros!$B$9,0)+IF(ISNUMBER(AF4),AF4*Parámetros!$B$10,0)+IF(ISNUMBER(AG4),AG4*Parámetros!$B$11,0))/(IF(ISNUMBER(X4),Parámetros!$B$2,0)+IF(ISNUMBER(Y4),Parámetros!$B$3,0)+IF(ISNUMBER(Z4),Parámetros!$B$4,0)+IF(ISNUMBER(AA4),Parámetros!$B$5,0)+IF(ISNUMBER(AB4),Parámetros!$B$6,0)+IF(ISNUMBER(AC4),Parámetros!$B$7,0)+IF(ISNUMBER(AD4),Parámetros!$B$8,0)+IF(ISNUMBER(AE4),Parámetros!$B$9,0)+IF(ISNUMBER(AF4),Parámetros!$B$10,0)+IF(ISNUMBER(AG4),Parámetros!$B$11,0))) -> 70.645646 | AJ4: =IF(AND(ISNUMBER(Y4),N(Y4)<60),69.9,IF(OR(AND(ISNUMBER(AE4),N(AE4)<80),AND(ISNUMBER(AC4),N(AC4)<50,N(O4)>=2)),84.9,100)) -> 100 | AK4: =IF(AI4="","",MIN(AI4,AJ4)) -> 70.645646 | AL4: =IF($C4="","",IF(AK4="","Gris — menos de 3 fuentes",IF(AND(AK4<Parámetros!$B$14,N4<>"",N(N4)<Parámetros!$B$15,N(Y4)>=60),"Gris — repetir observación",IF(AK4>=Parámetros!$B$13,"Verde",IF(AK4>=Parámetros!$B$14,"Amarillo","Rojo"))))) -> Amarillo | AM4: =IF($C4="","",IF(AND(ISNUMBER(Y4),N(Y4)<60),"Ejecución < 60 %: rojo automático",IF(AND(ISNUMBER(AE4),N(AE4)<80),"PIAR < 80 %: máximo amarillo",IF(AND(ISNUMBER(AC4),N(AC4)<50,N(O4)>=2),"Observación < 50: máximo amarillo",IF(AND(N4<>"",N(N4)<Parámetros!$B$15),"κ < 0,60: observación descartada, repetir","")))))
A5: 2027 | B5: 1 | C5: EJEMPLO Docente D | D5: 5° Integrada | E5: 10 | F5: 10 | G5: 10 | H5: 10 | I5: 6 | J5: 6 | K5: 20 | L5: 2.8 | M5: 4.3 | N5: 0.9 | O5: 2 | P5: 0.47 | Q5: 24 | R5: 6 | S5: 6 | T5: 5 | U5: 1 | V5: 4.5 | W5: 26 | X5: =IF(N(E5)>0,MIN(100,F5/E5*100),"") -> 100 | Y5: =IF(N(G5)>0,MIN(100,H5/G5*100),"") -> 100 | Z5: =IF(N(I5)>0,MIN(100,J5/I5*100),"") -> 100 | AA5: =IF(K5="","",K5/24*100) -> 83.333333 | AB5: =IF(L5="","",L5/3*100) -> 93.333333 | AC5: =IF(OR(M5="",AND(N5<>"",N(N5)<Parámetros!$B$15)),"",MAX(0,MIN(100,(M5-1)/4*100))) -> 82.5 | AD5: =IF(OR(P5="",N(Q5)=0),"",MAX(0,MIN(100,((Q5/(Q5+Parámetros!$B$16))*P5+(Parámetros!$B$16/(Q5+Parámetros!$B$16))*Parámetros!$B$17-0.1)/0.4*100))) -> 80 | AE5: =IF(N(R5)>0,MIN(100,S5/R5*100),"") -> 100 | AF5: =IF(N(U5)>0,MIN(100,T5/(U5*5)*100),"") -> 100 | AG5: =IF(OR(V5="",N(W5)<10),"",(V5-1)/4*100) -> 87.5 | AH5: =IF($C5="","",COUNT(X5:AG5)) -> 10 | AI5: =IF(OR($C5="",N(AH5)<Parámetros!$B$18),"",(IF(ISNUMBER(X5),X5*Parámetros!$B$2,0)+IF(ISNUMBER(Y5),Y5*Parámetros!$B$3,0)+IF(ISNUMBER(Z5),Z5*Parámetros!$B$4,0)+IF(ISNUMBER(AA5),AA5*Parámetros!$B$5,0)+IF(ISNUMBER(AB5),AB5*Parámetros!$B$6,0)+IF(ISNUMBER(AC5),AC5*Parámetros!$B$7,0)+IF(ISNUMBER(AD5),AD5*Parámetros!$B$8,0)+IF(ISNUMBER(AE5),AE5*Parámetros!$B$9,0)+IF(ISNUMBER(AF5),AF5*Parámetros!$B$10,0)+IF(ISNUMBER(AG5),AG5*Parámetros!$B$11,0))/(IF(ISNUMBER(X5),Parámetros!$B$2,0)+IF(ISNUMBER(Y5),Parámetros!$B$3,0)+IF(ISNUMBER(Z5),Parámetros!$B$4,0)+IF(ISNUMBER(AA5),Parámetros!$B$5,0)+IF(ISNUMBER(AB5),Parámetros!$B$6,0)+IF(ISNUMBER(AC5),Parámetros!$B$7,0)+IF(ISNUMBER(AD5),Parámetros!$B$8,0)+IF(ISNUMBER(AE5),Parámetros!$B$9,0)+IF(ISNUMBER(AF5),Parámetros!$B$10,0)+IF(ISNUMBER(AG5),Parámetros!$B$11,0))) -> 90.541667 | AJ5: =IF(AND(ISNUMBER(Y5),N(Y5)<60),69.9,IF(OR(AND(ISNUMBER(AE5),N(AE5)<80),AND(ISNUMBER(AC5),N(AC5)<50,N(O5)>=2)),84.9,100)) -> 100 | AK5: =IF(AI5="","",MIN(AI5,AJ5)) -> 90.541667 | AL5: =IF($C5="","",IF(AK5="","Gris — menos de 3 fuentes",IF(AND(AK5<Parámetros!$B$14,N5<>"",N(N5)<Parámetros!$B$15,N(Y5)>=60),"Gris — repetir observación",IF(AK5>=Parámetros!$B$13,"Verde",IF(AK5>=Parámetros!$B$14,"Amarillo","Rojo"))))) -> Verde | AM5: =IF($C5="","",IF(AND(ISNUMBER(Y5),N(Y5)<60),"Ejecución < 60 %: rojo automático",IF(AND(ISNUMBER(AE5),N(AE5)<80),"PIAR < 80 %: máximo amarillo",IF(AND(ISNUMBER(AC5),N(AC5)<50,N(O5)>=2),"Observación < 50: máximo amarillo",IF(AND(N5<>"",N(N5)<Parámetros!$B$15),"κ < 0,60: observación descartada, repetir","")))))
A6: 2027 | B6: 1 | C6: EJEMPLO Docente E | D6: Inglés primaria | E6: 10 | F6: 8 | G6: 10 | H6: 9 | I6: 6 | J6: 5 | K6: 17 | L6: 2 | M6: 3.7 | N6: 0.8 | O6: 2 | P6: 0.36 | Q6: 30 | T6: 4 | U6: 1 | V6: 4.2 | W6: 27 | X6: =IF(N(E6)>0,MIN(100,F6/E6*100),"") -> 80 | Y6: =IF(N(G6)>0,MIN(100,H6/G6*100),"") -> 90 | Z6: =IF(N(I6)>0,MIN(100,J6/I6*100),"") -> 83.333333 | AA6: =IF(K6="","",K6/24*100) -> 70.833333 | AB6: =IF(L6="","",L6/3*100) -> 66.666667 | AC6: =IF(OR(M6="",AND(N6<>"",N(N6)<Parámetros!$B$15)),"",MAX(0,MIN(100,(M6-1)/4*100))) -> 67.5 | AD6: =IF(OR(P6="",N(Q6)=0),"",MAX(0,MIN(100,((Q6/(Q6+Parámetros!$B$16))*P6+(Parámetros!$B$16/(Q6+Parámetros!$B$16))*Parámetros!$B$17-0.1)/0.4*100))) -> 61.25 | AE6: =IF(N(R6)>0,MIN(100,S6/R6*100),"") | AF6: =IF(N(U6)>0,MIN(100,T6/(U6*5)*100),"") -> 80 | AG6: =IF(OR(V6="",N(W6)<10),"",(V6-1)/4*100) -> 80 | AH6: =IF($C6="","",COUNT(X6:AG6)) -> 9 | AI6: =IF(OR($C6="",N(AH6)<Parámetros!$B$18),"",(IF(ISNUMBER(X6),X6*Parámetros!$B$2,0)+IF(ISNUMBER(Y6),Y6*Parámetros!$B$3,0)+IF(ISNUMBER(Z6),Z6*Parámetros!$B$4,0)+IF(ISNUMBER(AA6),AA6*Parámetros!$B$5,0)+IF(ISNUMBER(AB6),AB6*Parámetros!$B$6,0)+IF(ISNUMBER(AC6),AC6*Parámetros!$B$7,0)+IF(ISNUMBER(AD6),AD6*Parámetros!$B$8,0)+IF(ISNUMBER(AE6),AE6*Parámetros!$B$9,0)+IF(ISNUMBER(AF6),AF6*Parámetros!$B$10,0)+IF(ISNUMBER(AG6),AG6*Parámetros!$B$11,0))/(IF(ISNUMBER(X6),Parámetros!$B$2,0)+IF(ISNUMBER(Y6),Parámetros!$B$3,0)+IF(ISNUMBER(Z6),Parámetros!$B$4,0)+IF(ISNUMBER(AA6),Parámetros!$B$5,0)+IF(ISNUMBER(AB6),Parámetros!$B$6,0)+IF(ISNUMBER(AC6),Parámetros!$B$7,0)+IF(ISNUMBER(AD6),Parámetros!$B$8,0)+IF(ISNUMBER(AE6),Parámetros!$B$9,0)+IF(ISNUMBER(AF6),Parámetros!$B$10,0)+IF(ISNUMBER(AG6),Parámetros!$B$11,0))) -> 73.078704 | AJ6: =IF(AND(ISNUMBER(Y6),N(Y6)<60),69.9,IF(OR(AND(ISNUMBER(AE6),N(AE6)<80),AND(ISNUMBER(AC6),N(AC6)<50,N(O6)>=2)),84.9,100)) -> 100 | AK6: =IF(AI6="","",MIN(AI6,AJ6)) -> 73.078704 | AL6: =IF($C6="","",IF(AK6="","Gris — menos de 3 fuentes",IF(AND(AK6<Parámetros!$B$14,N6<>"",N(N6)<Parámetros!$B$15,N(Y6)>=60),"Gris — repetir observación",IF(AK6>=Parámetros!$B$13,"Verde",IF(AK6>=Parámetros!$B$14,"Amarillo","Rojo"))))) -> Amarillo | AM6: =IF($C6="","",IF(AND(ISNUMBER(Y6),N(Y6)<60),"Ejecución < 60 %: rojo automático",IF(AND(ISNUMBER(AE6),N(AE6)<80),"PIAR < 80 %: máximo amarillo",IF(AND(ISNUMBER(AC6),N(AC6)<50,N(O6)>=2),"Observación < 50: máximo amarillo",IF(AND(N6<>"",N(N6)<Parámetros!$B$15),"κ < 0,60: observación descartada, repetir","")))))
A7: 2027 | B7: 1 | C7: EJEMPLO Docente F | D7: Matemáticas 6°–9° | E7: 10 | F7: 6 | G7: 10 | H7: 7 | I7: 6 | J7: 3 | K7: 11 | L7: 1.3 | M7: 2.7 | N7: 0.71 | O7: 2 | P7: 0.36 | Q7: 30 | T7: 3 | U7: 1 | V7: 3.7 | W7: 19 | X7: =IF(N(E7)>0,MIN(100,F7/E7*100),"") -> 60 | Y7: =IF(N(G7)>0,MIN(100,H7/G7*100),"") -> 70 | Z7: =IF(N(I7)>0,MIN(100,J7/I7*100),"") -> 50 | AA7: =IF(K7="","",K7/24*100) -> 45.833333 | AB7: =IF(L7="","",L7/3*100) -> 43.333333 | AC7: =IF(OR(M7="",AND(N7<>"",N(N7)<Parámetros!$B$15)),"",MAX(0,MIN(100,(M7-1)/4*100))) -> 42.5 | AD7: =IF(OR(P7="",N(Q7)=0),"",MAX(0,MIN(100,((Q7/(Q7+Parámetros!$B$16))*P7+(Parámetros!$B$16/(Q7+Parámetros!$B$16))*Parámetros!$B$17-0.1)/0.4*100))) -> 61.25 | AE7: =IF(N(R7)>0,MIN(100,S7/R7*100),"") | AF7: =IF(N(U7)>0,MIN(100,T7/(U7*5)*100),"") -> 60 | AG7: =IF(OR(V7="",N(W7)<10),"",(V7-1)/4*100) -> 67.5 | AH7: =IF($C7="","",COUNT(X7:AG7)) -> 9 | AI7: =IF(OR($C7="",N(AH7)<Parámetros!$B$18),"",(IF(ISNUMBER(X7),X7*Parámetros!$B$2,0)+IF(ISNUMBER(Y7),Y7*Parámetros!$B$3,0)+IF(ISNUMBER(Z7),Z7*Parámetros!$B$4,0)+IF(ISNUMBER(AA7),AA7*Parámetros!$B$5,0)+IF(ISNUMBER(AB7),AB7*Parámetros!$B$6,0)+IF(ISNUMBER(AC7),AC7*Parámetros!$B$7,0)+IF(ISNUMBER(AD7),AD7*Parámetros!$B$8,0)+IF(ISNUMBER(AE7),AE7*Parámetros!$B$9,0)+IF(ISNUMBER(AF7),AF7*Parámetros!$B$10,0)+IF(ISNUMBER(AG7),AG7*Parámetros!$B$11,0))/(IF(ISNUMBER(X7),Parámetros!$B$2,0)+IF(ISNUMBER(Y7),Parámetros!$B$3,0)+IF(ISNUMBER(Z7),Parámetros!$B$4,0)+IF(ISNUMBER(AA7),Parámetros!$B$5,0)+IF(ISNUMBER(AB7),Parámetros!$B$6,0)+IF(ISNUMBER(AC7),Parámetros!$B$7,0)+IF(ISNUMBER(AD7),Parámetros!$B$8,0)+IF(ISNUMBER(AE7),Parámetros!$B$9,0)+IF(ISNUMBER(AF7),Parámetros!$B$10,0)+IF(ISNUMBER(AG7),Parámetros!$B$11,0))) -> 53.310185 | AJ7: =IF(AND(ISNUMBER(Y7),N(Y7)<60),69.9,IF(OR(AND(ISNUMBER(AE7),N(AE7)<80),AND(ISNUMBER(AC7),N(AC7)<50,N(O7)>=2)),84.9,100)) -> 84.9 | AK7: =IF(AI7="","",MIN(AI7,AJ7)) -> 53.310185 | AL7: =IF($C7="","",IF(AK7="","Gris — menos de 3 fuentes",IF(AND(AK7<Parámetros!$B$14,N7<>"",N(N7)<Parámetros!$B$15,N(Y7)>=60),"Gris — repetir observación",IF(AK7>=Parámetros!$B$13,"Verde",IF(AK7>=Parámetros!$B$14,"Amarillo","Rojo"))))) -> Rojo | AM7: =IF($C7="","",IF(AND(ISNUMBER(Y7),N(Y7)<60),"Ejecución < 60 %: rojo automático",IF(AND(ISNUMBER(AE7),N(AE7)<80),"PIAR < 80 %: máximo amarillo",IF(AND(ISNUMBER(AC7),N(AC7)<50,N(O7)>=2),"Observación < 50: máximo amarillo",IF(AND(N7<>"",N(N7)<Parámetros!$B$15),"κ < 0,60: observación descartada, repetir",""))))) -> Observación < 50: máximo amarillo
A8: 2027 | B8: 1 | C8: EJEMPLO Docente G | D8: Lenguaje 6°–11° | E8: 10 | F8: 9 | G8: 10 | H8: 10 | I8: 6 | J8: 5 | K8: 19 | L8: 2.5 | M8: 4.1 | N8: 0.76 | O8: 2 | P8: 0.45 | Q8: 25 | R8: 6 | S8: 5 | T8: 5 | U8: 1 | V8: 4.4 | W8: 26 | X8: =IF(N(E8)>0,MIN(100,F8/E8*100),"") -> 90 | Y8: =IF(N(G8)>0,MIN(100,H8/G8*100),"") -> 100 | Z8: =IF(N(I8)>0,MIN(100,J8/I8*100),"") -> 83.333333 | AA8: =IF(K8="","",K8/24*100) -> 79.166667 | AB8: =IF(L8="","",L8/3*100) -> 83.333333 | AC8: =IF(OR(M8="",AND(N8<>"",N(N8)<Parámetros!$B$15)),"",MAX(0,MIN(100,(M8-1)/4*100))) -> 77.5 | AD8: =IF(OR(P8="",N(Q8)=0),"",MAX(0,MIN(100,((Q8/(Q8+Parámetros!$B$16))*P8+(Parámetros!$B$16/(Q8+Parámetros!$B$16))*Parámetros!$B$17-0.1)/0.4*100))) -> 76.785714 | AE8: =IF(N(R8)>0,MIN(100,S8/R8*100),"") -> 83.333333 | AF8: =IF(N(U8)>0,MIN(100,T8/(U8*5)*100),"") -> 100 | AG8: =IF(OR(V8="",N(W8)<10),"",(V8-1)/4*100) -> 85 | AH8: =IF($C8="","",COUNT(X8:AG8)) -> 10 | AI8: =IF(OR($C8="",N(AH8)<Parámetros!$B$18),"",(IF(ISNUMBER(X8),X8*Parámetros!$B$2,0)+IF(ISNUMBER(Y8),Y8*Parámetros!$B$3,0)+IF(ISNUMBER(Z8),Z8*Parámetros!$B$4,0)+IF(ISNUMBER(AA8),AA8*Parámetros!$B$5,0)+IF(ISNUMBER(AB8),AB8*Parámetros!$B$6,0)+IF(ISNUMBER(AC8),AC8*Parámetros!$B$7,0)+IF(ISNUMBER(AD8),AD8*Parámetros!$B$8,0)+IF(ISNUMBER(AE8),AE8*Parámetros!$B$9,0)+IF(ISNUMBER(AF8),AF8*Parámetros!$B$10,0)+IF(ISNUMBER(AG8),AG8*Parámetros!$B$11,0))/(IF(ISNUMBER(X8),Parámetros!$B$2,0)+IF(ISNUMBER(Y8),Parámetros!$B$3,0)+IF(ISNUMBER(Z8),Parámetros!$B$4,0)+IF(ISNUMBER(AA8),Parámetros!$B$5,0)+IF(ISNUMBER(AB8),Parámetros!$B$6,0)+IF(ISNUMBER(AC8),Parámetros!$B$7,0)+IF(ISNUMBER(AD8),Parámetros!$B$8,0)+IF(ISNUMBER(AE8),Parámetros!$B$9,0)+IF(ISNUMBER(AF8),Parámetros!$B$10,0)+IF(ISNUMBER(AG8),Parámetros!$B$11,0))) -> 83.684524 | AJ8: =IF(AND(ISNUMBER(Y8),N(Y8)<60),69.9,IF(OR(AND(ISNUMBER(AE8),N(AE8)<80),AND(ISNUMBER(AC8),N(AC8)<50,N(O8)>=2)),84.9,100)) -> 100 | AK8: =IF(AI8="","",MIN(AI8,AJ8)) -> 83.684524 | AL8: =IF($C8="","",IF(AK8="","Gris — menos de 3 fuentes",IF(AND(AK8<Parámetros!$B$14,N8<>"",N(N8)<Parámetros!$B$15,N(Y8)>=60),"Gris — repetir observación",IF(AK8>=Parámetros!$B$13,"Verde",IF(AK8>=Parámetros!$B$14,"Amarillo","Rojo"))))) -> Amarillo | AM8: =IF($C8="","",IF(AND(ISNUMBER(Y8),N(Y8)<60),"Ejecución < 60 %: rojo automático",IF(AND(ISNUMBER(AE8),N(AE8)<80),"PIAR < 80 %: máximo amarillo",IF(AND(ISNUMBER(AC8),N(AC8)<50,N(O8)>=2),"Observación < 50: máximo amarillo",IF(AND(N8<>"",N(N8)<Parámetros!$B$15),"κ < 0,60: observación descartada, repetir","")))))
A9: 2027 | B9: 1 | C9: EJEMPLO Docente H | D9: Ciencias 6°–11° | E9: 10 | F9: 7 | G9: 10 | H9: 8 | I9: 6 | J9: 5 | K9: 15 | L9: 2.2 | M9: 3.7 | N9: 0.84 | O9: 2 | P9: 0.37 | Q9: 29 | T9: 4 | U9: 1 | V9: 4.1 | W9: 18 | X9: =IF(N(E9)>0,MIN(100,F9/E9*100),"") -> 70 | Y9: =IF(N(G9)>0,MIN(100,H9/G9*100),"") -> 80 | Z9: =IF(N(I9)>0,MIN(100,J9/I9*100),"") -> 83.333333 | AA9: =IF(K9="","",K9/24*100) -> 62.5 | AB9: =IF(L9="","",L9/3*100) -> 73.333333 | AC9: =IF(OR(M9="",AND(N9<>"",N(N9)<Parámetros!$B$15)),"",MAX(0,MIN(100,(M9-1)/4*100))) -> 67.5 | AD9: =IF(OR(P9="",N(Q9)=0),"",MAX(0,MIN(100,((Q9/(Q9+Parámetros!$B$16))*P9+(Parámetros!$B$16/(Q9+Parámetros!$B$16))*Parámetros!$B$17-0.1)/0.4*100))) -> 63.012821 | AE9: =IF(N(R9)>0,MIN(100,S9/R9*100),"") | AF9: =IF(N(U9)>0,MIN(100,T9/(U9*5)*100),"") -> 80 | AG9: =IF(OR(V9="",N(W9)<10),"",(V9-1)/4*100) -> 77.5 | AH9: =IF($C9="","",COUNT(X9:AG9)) -> 9 | AI9: =IF(OR($C9="",N(AH9)<Parámetros!$B$18),"",(IF(ISNUMBER(X9),X9*Parámetros!$B$2,0)+IF(ISNUMBER(Y9),Y9*Parámetros!$B$3,0)+IF(ISNUMBER(Z9),Z9*Parámetros!$B$4,0)+IF(ISNUMBER(AA9),AA9*Parámetros!$B$5,0)+IF(ISNUMBER(AB9),AB9*Parámetros!$B$6,0)+IF(ISNUMBER(AC9),AC9*Parámetros!$B$7,0)+IF(ISNUMBER(AD9),AD9*Parámetros!$B$8,0)+IF(ISNUMBER(AE9),AE9*Parámetros!$B$9,0)+IF(ISNUMBER(AF9),AF9*Parámetros!$B$10,0)+IF(ISNUMBER(AG9),AG9*Parámetros!$B$11,0))/(IF(ISNUMBER(X9),Parámetros!$B$2,0)+IF(ISNUMBER(Y9),Parámetros!$B$3,0)+IF(ISNUMBER(Z9),Parámetros!$B$4,0)+IF(ISNUMBER(AA9),Parámetros!$B$5,0)+IF(ISNUMBER(AB9),Parámetros!$B$6,0)+IF(ISNUMBER(AC9),Parámetros!$B$7,0)+IF(ISNUMBER(AD9),Parámetros!$B$8,0)+IF(ISNUMBER(AE9),Parámetros!$B$9,0)+IF(ISNUMBER(AF9),Parámetros!$B$10,0)+IF(ISNUMBER(AG9),Parámetros!$B$11,0))) -> 71.381766 | AJ9: =IF(AND(ISNUMBER(Y9),N(Y9)<60),69.9,IF(OR(AND(ISNUMBER(AE9),N(AE9)<80),AND(ISNUMBER(AC9),N(AC9)<50,N(O9)>=2)),84.9,100)) -> 100 | AK9: =IF(AI9="","",MIN(AI9,AJ9)) -> 71.381766 | AL9: =IF($C9="","",IF(AK9="","Gris — menos de 3 fuentes",IF(AND(AK9<Parámetros!$B$14,N9<>"",N(N9)<Parámetros!$B$15,N(Y9)>=60),"Gris — repetir observación",IF(AK9>=Parámetros!$B$13,"Verde",IF(AK9>=Parámetros!$B$14,"Amarillo","Rojo"))))) -> Amarillo | AM9: =IF($C9="","",IF(AND(ISNUMBER(Y9),N(Y9)<60),"Ejecución < 60 %: rojo automático",IF(AND(ISNUMBER(AE9),N(AE9)<80),"PIAR < 80 %: máximo amarillo",IF(AND(ISNUMBER(AC9),N(AC9)<50,N(O9)>=2),"Observación < 50: máximo amarillo",IF(AND(N9<>"",N(N9)<Parámetros!$B$15),"κ < 0,60: observación descartada, repetir","")))))
A10: 2027 | B10: 2 | C10: EJEMPLO Docente A | D10: Transición | E10: 10 | F10: 10 | G10: 10 | H10: 10 | I10: 6 | J10: 6 | K10: 23 | L10: 2.8 | M10: 4.5 | N10: 0.91 | O10: 2 | P10: 0.54 | Q10: 21 | R10: 6 | S10: 6 | T10: 5 | U10: 1 | X10: =IF(N(E10)>0,MIN(100,F10/E10*100),"") -> 100 | Y10: =IF(N(G10)>0,MIN(100,H10/G10*100),"") -> 100 | Z10: =IF(N(I10)>0,MIN(100,J10/I10*100),"") -> 100 | AA10: =IF(K10="","",K10/24*100) -> 95.833333 | AB10: =IF(L10="","",L10/3*100) -> 93.333333 | AC10: =IF(OR(M10="",AND(N10<>"",N(N10)<Parámetros!$B$15)),"",MAX(0,MIN(100,(M10-1)/4*100))) -> 87.5 | AD10: =IF(OR(P10="",N(Q10)=0),"",MAX(0,MIN(100,((Q10/(Q10+Parámetros!$B$16))*P10+(Parámetros!$B$16/(Q10+Parámetros!$B$16))*Parámetros!$B$17-0.1)/0.4*100))) -> 90.645161 | AE10: =IF(N(R10)>0,MIN(100,S10/R10*100),"") -> 100 | AF10: =IF(N(U10)>0,MIN(100,T10/(U10*5)*100),"") -> 100 | AG10: =IF(OR(V10="",N(W10)<10),"",(V10-1)/4*100) | AH10: =IF($C10="","",COUNT(X10:AG10)) -> 9 | AI10: =IF(OR($C10="",N(AH10)<Parámetros!$B$18),"",(IF(ISNUMBER(X10),X10*Parámetros!$B$2,0)+IF(ISNUMBER(Y10),Y10*Parámetros!$B$3,0)+IF(ISNUMBER(Z10),Z10*Parámetros!$B$4,0)+IF(ISNUMBER(AA10),AA10*Parámetros!$B$5,0)+IF(ISNUMBER(AB10),AB10*Parámetros!$B$6,0)+IF(ISNUMBER(AC10),AC10*Parámetros!$B$7,0)+IF(ISNUMBER(AD10),AD10*Parámetros!$B$8,0)+IF(ISNUMBER(AE10),AE10*Parámetros!$B$9,0)+IF(ISNUMBER(AF10),AF10*Parámetros!$B$10,0)+IF(ISNUMBER(AG10),AG10*Parámetros!$B$11,0))/(IF(ISNUMBER(X10),Parámetros!$B$2,0)+IF(ISNUMBER(Y10),Parámetros!$B$3,0)+IF(ISNUMBER(Z10),Parámetros!$B$4,0)+IF(ISNUMBER(AA10),Parámetros!$B$5,0)+IF(ISNUMBER(AB10),Parámetros!$B$6,0)+IF(ISNUMBER(AC10),Parámetros!$B$7,0)+IF(ISNUMBER(AD10),Parámetros!$B$8,0)+IF(ISNUMBER(AE10),Parámetros!$B$9,0)+IF(ISNUMBER(AF10),Parámetros!$B$10,0)+IF(ISNUMBER(AG10),Parámetros!$B$11,0))) -> 94.75099 | AJ10: =IF(AND(ISNUMBER(Y10),N(Y10)<60),69.9,IF(OR(AND(ISNUMBER(AE10),N(AE10)<80),AND(ISNUMBER(AC10),N(AC10)<50,N(O10)>=2)),84.9,100)) -> 100 | AK10: =IF(AI10="","",MIN(AI10,AJ10)) -> 94.75099 | AL10: =IF($C10="","",IF(AK10="","Gris — menos de 3 fuentes",IF(AND(AK10<Parámetros!$B$14,N10<>"",N(N10)<Parámetros!$B$15,N(Y10)>=60),"Gris — repetir observación",IF(AK10>=Parámetros!$B$13,"Verde",IF(AK10>=Parámetros!$B$14,"Amarillo","Rojo"))))) -> Verde | AM10: =IF($C10="","",IF(AND(ISNUMBER(Y10),N(Y10)<60),"Ejecución < 60 %: rojo automático",IF(AND(ISNUMBER(AE10),N(AE10)<80),"PIAR < 80 %: máximo amarillo",IF(AND(ISNUMBER(AC10),N(AC10)<50,N(O10)>=2),"Observación < 50: máximo amarillo",IF(AND(N10<>"",N(N10)<Parámetros!$B$15),"κ < 0,60: observación descartada, repetir","")))))
A11: 2027 | B11: 2 | C11: EJEMPLO Docente B | D11: 1° Integrada | E11: 10 | F11: 9 | G11: 10 | H11: 9 | I11: 6 | J11: 5 | K11: 19 | L11: 2.3 | M11: 4.4 | N11: 0.89 | O11: 2 | P11: 0.48 | Q11: 26 | T11: 4 | U11: 1 | X11: =IF(N(E11)>0,MIN(100,F11/E11*100),"") -> 90 | Y11: =IF(N(G11)>0,MIN(100,H11/G11*100),"") -> 90 | Z11: =IF(N(I11)>0,MIN(100,J11/I11*100),"") -> 83.333333 | AA11: =IF(K11="","",K11/24*100) -> 79.166667 | AB11: =IF(L11="","",L11/3*100) -> 76.666667 | AC11: =IF(OR(M11="",AND(N11<>"",N(N11)<Parámetros!$B$15)),"",MAX(0,MIN(100,(M11-1)/4*100))) -> 85 | AD11: =IF(OR(P11="",N(Q11)=0),"",MAX(0,MIN(100,((Q11/(Q11+Parámetros!$B$16))*P11+(Parámetros!$B$16/(Q11+Parámetros!$B$16))*Parámetros!$B$17-0.1)/0.4*100))) -> 82.5 | AE11: =IF(N(R11)>0,MIN(100,S11/R11*100),"") | AF11: =IF(N(U11)>0,MIN(100,T11/(U11*5)*100),"") -> 80 | AG11: =IF(OR(V11="",N(W11)<10),"",(V11-1)/4*100) | AH11: =IF($C11="","",COUNT(X11:AG11)) -> 8 | AI11: =IF(OR($C11="",N(AH11)<Parámetros!$B$18),"",(IF(ISNUMBER(X11),X11*Parámetros!$B$2,0)+IF(ISNUMBER(Y11),Y11*Parámetros!$B$3,0)+IF(ISNUMBER(Z11),Z11*Parámetros!$B$4,0)+IF(ISNUMBER(AA11),AA11*Parámetros!$B$5,0)+IF(ISNUMBER(AB11),AB11*Parámetros!$B$6,0)+IF(ISNUMBER(AC11),AC11*Parámetros!$B$7,0)+IF(ISNUMBER(AD11),AD11*Parámetros!$B$8,0)+IF(ISNUMBER(AE11),AE11*Parámetros!$B$9,0)+IF(ISNUMBER(AF11),AF11*Parámetros!$B$10,0)+IF(ISNUMBER(AG11),AG11*Parámetros!$B$11,0))/(IF(ISNUMBER(X11),Parámetros!$B$2,0)+IF(ISNUMBER(Y11),Parámetros!$B$3,0)+IF(ISNUMBER(Z11),Parámetros!$B$4,0)+IF(ISNUMBER(AA11),Parámetros!$B$5,0)+IF(ISNUMBER(AB11),Parámetros!$B$6,0)+IF(ISNUMBER(AC11),Parámetros!$B$7,0)+IF(ISNUMBER(AD11),Parámetros!$B$8,0)+IF(ISNUMBER(AE11),Parámetros!$B$9,0)+IF(ISNUMBER(AF11),Parámetros!$B$10,0)+IF(ISNUMBER(AG11),Parámetros!$B$11,0))) -> 83.284314 | AJ11: =IF(AND(ISNUMBER(Y11),N(Y11)<60),69.9,IF(OR(AND(ISNUMBER(AE11),N(AE11)<80),AND(ISNUMBER(AC11),N(AC11)<50,N(O11)>=2)),84.9,100)) -> 100 | AK11: =IF(AI11="","",MIN(AI11,AJ11)) -> 83.284314 | AL11: =IF($C11="","",IF(AK11="","Gris — menos de 3 fuentes",IF(AND(AK11<Parámetros!$B$14,N11<>"",N(N11)<Parámetros!$B$15,N(Y11)>=60),"Gris — repetir observación",IF(AK11>=Parámetros!$B$13,"Verde",IF(AK11>=Parámetros!$B$14,"Amarillo","Rojo"))))) -> Amarillo | AM11: =IF($C11="","",IF(AND(ISNUMBER(Y11),N(Y11)<60),"Ejecución < 60 %: rojo automático",IF(AND(ISNUMBER(AE11),N(AE11)<80),"PIAR < 80 %: máximo amarillo",IF(AND(ISNUMBER(AC11),N(AC11)<50,N(O11)>=2),"Observación < 50: máximo amarillo",IF(AND(N11<>"",N(N11)<Parámetros!$B$15),"κ < 0,60: observación descartada, repetir","")))))
A12: 2027 | B12: 2 | C12: EJEMPLO Docente C | D12: 3° Integrada | E12: 10 | F12: 7 | G12: 10 | H12: 7 | I12: 6 | J12: 5 | K12: 15 | L12: 2 | M12: 3.5 | N12: 0.67 | O12: 2 | P12: 0.33 | Q12: 22 | T12: 4 | U12: 1 | X12: =IF(N(E12)>0,MIN(100,F12/E12*100),"") -> 70 | Y12: =IF(N(G12)>0,MIN(100,H12/G12*100),"") -> 70 | Z12: =IF(N(I12)>0,MIN(100,J12/I12*100),"") -> 83.333333 | AA12: =IF(K12="","",K12/24*100) -> 62.5 | AB12: =IF(L12="","",L12/3*100) -> 66.666667 | AC12: =IF(OR(M12="",AND(N12<>"",N(N12)<Parámetros!$B$15)),"",MAX(0,MIN(100,(M12-1)/4*100))) -> 62.5 | AD12: =IF(OR(P12="",N(Q12)=0),"",MAX(0,MIN(100,((Q12/(Q12+Parámetros!$B$16))*P12+(Parámetros!$B$16/(Q12+Parámetros!$B$16))*Parámetros!$B$17-0.1)/0.4*100))) -> 55.15625 | AE12: =IF(N(R12)>0,MIN(100,S12/R12*100),"") | AF12: =IF(N(U12)>0,MIN(100,T12/(U12*5)*100),"") -> 80 | AG12: =IF(OR(V12="",N(W12)<10),"",(V12-1)/4*100) | AH12: =IF($C12="","",COUNT(X12:AG12)) -> 8 | AI12: =IF(OR($C12="",N(AH12)<Parámetros!$B$18),"",(IF(ISNUMBER(X12),X12*Parámetros!$B$2,0)+IF(ISNUMBER(Y12),Y12*Parámetros!$B$3,0)+IF(ISNUMBER(Z12),Z12*Parámetros!$B$4,0)+IF(ISNUMBER(AA12),AA12*Parámetros!$B$5,0)+IF(ISNUMBER(AB12),AB12*Parámetros!$B$6,0)+IF(ISNUMBER(AC12),AC12*Parámetros!$B$7,0)+IF(ISNUMBER(AD12),AD12*Parámetros!$B$8,0)+IF(ISNUMBER(AE12),AE12*Parámetros!$B$9,0)+IF(ISNUMBER(AF12),AF12*Parámetros!$B$10,0)+IF(ISNUMBER(AG12),AG12*Parámetros!$B$11,0))/(IF(ISNUMBER(X12),Parámetros!$B$2,0)+IF(ISNUMBER(Y12),Parámetros!$B$3,0)+IF(ISNUMBER(Z12),Parámetros!$B$4,0)+IF(ISNUMBER(AA12),Parámetros!$B$5,0)+IF(ISNUMBER(AB12),Parámetros!$B$6,0)+IF(ISNUMBER(AC12),Parámetros!$B$7,0)+IF(ISNUMBER(AD12),Parámetros!$B$8,0)+IF(ISNUMBER(AE12),Parámetros!$B$9,0)+IF(ISNUMBER(AF12),Parámetros!$B$10,0)+IF(ISNUMBER(AG12),Parámetros!$B$11,0))) -> 66.498162 | AJ12: =IF(AND(ISNUMBER(Y12),N(Y12)<60),69.9,IF(OR(AND(ISNUMBER(AE12),N(AE12)<80),AND(ISNUMBER(AC12),N(AC12)<50,N(O12)>=2)),84.9,100)) -> 100 | AK12: =IF(AI12="","",MIN(AI12,AJ12)) -> 66.498162 | AL12: =IF($C12="","",IF(AK12="","Gris — menos de 3 fuentes",IF(AND(AK12<Parámetros!$B$14,N12<>"",N(N12)<Parámetros!$B$15,N(Y12)>=60),"Gris — repetir observación",IF(AK12>=Parámetros!$B$13,"Verde",IF(AK12>=Parámetros!$B$14,"Amarillo","Rojo"))))) -> Rojo | AM12: =IF($C12="","",IF(AND(ISNUMBER(Y12),N(Y12)<60),"Ejecución < 60 %: rojo automático",IF(AND(ISNUMBER(AE12),N(AE12)<80),"PIAR < 80 %: máximo amarillo",IF(AND(ISNUMBER(AC12),N(AC12)<50,N(O12)>=2),"Observación < 50: máximo amarillo",IF(AND(N12<>"",N(N12)<Parámetros!$B$15),"κ < 0,60: observación descartada, repetir","")))))
A13: 2027 | B13: 2 | C13: EJEMPLO Docente D | D13: 5° Integrada | E13: 10 | F13: 10 | G13: 10 | H13: 10 | I13: 6 | J13: 6 | K13: 20 | L13: 2.7 | M13: 4.3 | N13: 0.83 | O13: 2 | P13: 0.51 | Q13: 29 | R13: 6 | S13: 6 | T13: 5 | U13: 1 | X13: =IF(N(E13)>0,MIN(100,F13/E13*100),"") -> 100 | Y13: =IF(N(G13)>0,MIN(100,H13/G13*100),"") -> 100 | Z13: =IF(N(I13)>0,MIN(100,J13/I13*100),"") -> 100 | AA13: =IF(K13="","",K13/24*100) -> 83.333333 | AB13: =IF(L13="","",L13/3*100) -> 90 | AC13: =IF(OR(M13="",AND(N13<>"",N(N13)<Parámetros!$B$15)),"",MAX(0,MIN(100,(M13-1)/4*100))) -> 82.5 | AD13: =IF(OR(P13="",N(Q13)=0),"",MAX(0,MIN(100,((Q13/(Q13+Parámetros!$B$16))*P13+(Parámetros!$B$16/(Q13+Parámetros!$B$16))*Parámetros!$B$17-0.1)/0.4*100))) -> 89.038462 | AE13: =IF(N(R13)>0,MIN(100,S13/R13*100),"") -> 100 | AF13: =IF(N(U13)>0,MIN(100,T13/(U13*5)*100),"") -> 100 | AG13: =IF(OR(V13="",N(W13)<10),"",(V13-1)/4*100) | AH13: =IF($C13="","",COUNT(X13:AG13)) -> 9 | AI13: =IF(OR($C13="",N(AH13)<Parámetros!$B$18),"",(IF(ISNUMBER(X13),X13*Parámetros!$B$2,0)+IF(ISNUMBER(Y13),Y13*Parámetros!$B$3,0)+IF(ISNUMBER(Z13),Z13*Parámetros!$B$4,0)+IF(ISNUMBER(AA13),AA13*Parámetros!$B$5,0)+IF(ISNUMBER(AB13),AB13*Parámetros!$B$6,0)+IF(ISNUMBER(AC13),AC13*Parámetros!$B$7,0)+IF(ISNUMBER(AD13),AD13*Parámetros!$B$8,0)+IF(ISNUMBER(AE13),AE13*Parámetros!$B$9,0)+IF(ISNUMBER(AF13),AF13*Parámetros!$B$10,0)+IF(ISNUMBER(AG13),AG13*Parámetros!$B$11,0))/(IF(ISNUMBER(X13),Parámetros!$B$2,0)+IF(ISNUMBER(Y13),Parámetros!$B$3,0)+IF(ISNUMBER(Z13),Parámetros!$B$4,0)+IF(ISNUMBER(AA13),Parámetros!$B$5,0)+IF(ISNUMBER(AB13),Parámetros!$B$6,0)+IF(ISNUMBER(AC13),Parámetros!$B$7,0)+IF(ISNUMBER(AD13),Parámetros!$B$8,0)+IF(ISNUMBER(AE13),Parámetros!$B$9,0)+IF(ISNUMBER(AF13),Parámetros!$B$10,0)+IF(ISNUMBER(AG13),Parámetros!$B$11,0))) -> 91.778003 | AJ13: =IF(AND(ISNUMBER(Y13),N(Y13)<60),69.9,IF(OR(AND(ISNUMBER(AE13),N(AE13)<80),AND(ISNUMBER(AC13),N(AC13)<50,N(O13)>=2)),84.9,100)) -> 100 | AK13: =IF(AI13="","",MIN(AI13,AJ13)) -> 91.778003 | AL13: =IF($C13="","",IF(AK13="","Gris — menos de 3 fuentes",IF(AND(AK13<Parámetros!$B$14,N13<>"",N(N13)<Parámetros!$B$15,N(Y13)>=60),"Gris — repetir observación",IF(AK13>=Parámetros!$B$13,"Verde",IF(AK13>=Parámetros!$B$14,"Amarillo","Rojo"))))) -> Verde | AM13: =IF($C13="","",IF(AND(ISNUMBER(Y13),N(Y13)<60),"Ejecución < 60 %: rojo automático",IF(AND(ISNUMBER(AE13),N(AE13)<80),"PIAR < 80 %: máximo amarillo",IF(AND(ISNUMBER(AC13),N(AC13)<50,N(O13)>=2),"Observación < 50: máximo amarillo",IF(AND(N13<>"",N(N13)<Parámetros!$B$15),"κ < 0,60: observación descartada, repetir","")))))
A14: 2027 | B14: 2 | C14: EJEMPLO Docente E | D14: Inglés primaria | E14: 10 | F14: 8 | G14: 10 | H14: 9 | I14: 6 | J14: 5 | K14: 16 | L14: 2 | M14: 3.7 | N14: 0.77 | O14: 2 | P14: 0.35 | Q14: 20 | T14: 4 | U14: 1 | X14: =IF(N(E14)>0,MIN(100,F14/E14*100),"") -> 80 | Y14: =IF(N(G14)>0,MIN(100,H14/G14*100),"") -> 90 | Z14: =IF(N(I14)>0,MIN(100,J14/I14*100),"") -> 83.333333 | AA14: =IF(K14="","",K14/24*100) -> 66.666667 | AB14: =IF(L14="","",L14/3*100) -> 66.666667 | AC14: =IF(OR(M14="",AND(N14<>"",N(N14)<Parámetros!$B$15)),"",MAX(0,MIN(100,(M14-1)/4*100))) -> 67.5 | AD14: =IF(OR(P14="",N(Q14)=0),"",MAX(0,MIN(100,((Q14/(Q14+Parámetros!$B$16))*P14+(Parámetros!$B$16/(Q14+Parámetros!$B$16))*Parámetros!$B$17-0.1)/0.4*100))) -> 58.333333 | AE14: =IF(N(R14)>0,MIN(100,S14/R14*100),"") | AF14: =IF(N(U14)>0,MIN(100,T14/(U14*5)*100),"") -> 80 | AG14: =IF(OR(V14="",N(W14)<10),"",(V14-1)/4*100) | AH14: =IF($C14="","",COUNT(X14:AG14)) -> 8 | AI14: =IF(OR($C14="",N(AH14)<Parámetros!$B$18),"",(IF(ISNUMBER(X14),X14*Parámetros!$B$2,0)+IF(ISNUMBER(Y14),Y14*Parámetros!$B$3,0)+IF(ISNUMBER(Z14),Z14*Parámetros!$B$4,0)+IF(ISNUMBER(AA14),AA14*Parámetros!$B$5,0)+IF(ISNUMBER(AB14),AB14*Parámetros!$B$6,0)+IF(ISNUMBER(AC14),AC14*Parámetros!$B$7,0)+IF(ISNUMBER(AD14),AD14*Parámetros!$B$8,0)+IF(ISNUMBER(AE14),AE14*Parámetros!$B$9,0)+IF(ISNUMBER(AF14),AF14*Parámetros!$B$10,0)+IF(ISNUMBER(AG14),AG14*Parámetros!$B$11,0))/(IF(ISNUMBER(X14),Parámetros!$B$2,0)+IF(ISNUMBER(Y14),Parámetros!$B$3,0)+IF(ISNUMBER(Z14),Parámetros!$B$4,0)+IF(ISNUMBER(AA14),Parámetros!$B$5,0)+IF(ISNUMBER(AB14),Parámetros!$B$6,0)+IF(ISNUMBER(AC14),Parámetros!$B$7,0)+IF(ISNUMBER(AD14),Parámetros!$B$8,0)+IF(ISNUMBER(AE14),Parámetros!$B$9,0)+IF(ISNUMBER(AF14),Parámetros!$B$10,0)+IF(ISNUMBER(AG14),Parámetros!$B$11,0))) -> 71.666667 | AJ14: =IF(AND(ISNUMBER(Y14),N(Y14)<60),69.9,IF(OR(AND(ISNUMBER(AE14),N(AE14)<80),AND(ISNUMBER(AC14),N(AC14)<50,N(O14)>=2)),84.9,100)) -> 100 | AK14: =IF(AI14="","",MIN(AI14,AJ14)) -> 71.666667 | AL14: =IF($C14="","",IF(AK14="","Gris — menos de 3 fuentes",IF(AND(AK14<Parámetros!$B$14,N14<>"",N(N14)<Parámetros!$B$15,N(Y14)>=60),"Gris — repetir observación",IF(AK14>=Parámetros!$B$13,"Verde",IF(AK14>=Parámetros!$B$14,"Amarillo","Rojo"))))) -> Amarillo | AM14: =IF($C14="","",IF(AND(ISNUMBER(Y14),N(Y14)<60),"Ejecución < 60 %: rojo automático",IF(AND(ISNUMBER(AE14),N(AE14)<80),"PIAR < 80 %: máximo amarillo",IF(AND(ISNUMBER(AC14),N(AC14)<50,N(O14)>=2),"Observación < 50: máximo amarillo",IF(AND(N14<>"",N(N14)<Parámetros!$B$15),"κ < 0,60: observación descartada, repetir","")))))
A15: 2027 | B15: 2 | C15: EJEMPLO Docente F | D15: Matemáticas 6°–9° | E15: 10 | F15: 6 | G15: 10 | H15: 6 | I15: 6 | J15: 3 | K15: 12 | L15: 1.3 | M15: 3.2 | N15: 0.7 | O15: 2 | P15: 0.26 | Q15: 21 | T15: 3 | U15: 1 | X15: =IF(N(E15)>0,MIN(100,F15/E15*100),"") -> 60 | Y15: =IF(N(G15)>0,MIN(100,H15/G15*100),"") -> 60 | Z15: =IF(N(I15)>0,MIN(100,J15/I15*100),"") -> 50 | AA15: =IF(K15="","",K15/24*100) -> 50 | AB15: =IF(L15="","",L15/3*100) -> 43.333333 | AC15: =IF(OR(M15="",AND(N15<>"",N(N15)<Parámetros!$B$15)),"",MAX(0,MIN(100,(M15-1)/4*100))) -> 55 | AD15: =IF(OR(P15="",N(Q15)=0),"",MAX(0,MIN(100,((Q15/(Q15+Parámetros!$B$16))*P15+(Parámetros!$B$16/(Q15+Parámetros!$B$16))*Parámetros!$B$17-0.1)/0.4*100))) -> 43.225806 | AE15: =IF(N(R15)>0,MIN(100,S15/R15*100),"") | AF15: =IF(N(U15)>0,MIN(100,T15/(U15*5)*100),"") -> 60 | AG15: =IF(OR(V15="",N(W15)<10),"",(V15-1)/4*100) | AH15: =IF($C15="","",COUNT(X15:AG15)) -> 8 | AI15: =IF(OR($C15="",N(AH15)<Parámetros!$B$18),"",(IF(ISNUMBER(X15),X15*Parámetros!$B$2,0)+IF(ISNUMBER(Y15),Y15*Parámetros!$B$3,0)+IF(ISNUMBER(Z15),Z15*Parámetros!$B$4,0)+IF(ISNUMBER(AA15),AA15*Parámetros!$B$5,0)+IF(ISNUMBER(AB15),AB15*Parámetros!$B$6,0)+IF(ISNUMBER(AC15),AC15*Parámetros!$B$7,0)+IF(ISNUMBER(AD15),AD15*Parámetros!$B$8,0)+IF(ISNUMBER(AE15),AE15*Parámetros!$B$9,0)+IF(ISNUMBER(AF15),AF15*Parámetros!$B$10,0)+IF(ISNUMBER(AG15),AG15*Parámetros!$B$11,0))/(IF(ISNUMBER(X15),Parámetros!$B$2,0)+IF(ISNUMBER(Y15),Parámetros!$B$3,0)+IF(ISNUMBER(Z15),Parámetros!$B$4,0)+IF(ISNUMBER(AA15),Parámetros!$B$5,0)+IF(ISNUMBER(AB15),Parámetros!$B$6,0)+IF(ISNUMBER(AC15),Parámetros!$B$7,0)+IF(ISNUMBER(AD15),Parámetros!$B$8,0)+IF(ISNUMBER(AE15),Parámetros!$B$9,0)+IF(ISNUMBER(AF15),Parámetros!$B$10,0)+IF(ISNUMBER(AG15),Parámetros!$B$11,0))) -> 51.549652 | AJ15: =IF(AND(ISNUMBER(Y15),N(Y15)<60),69.9,IF(OR(AND(ISNUMBER(AE15),N(AE15)<80),AND(ISNUMBER(AC15),N(AC15)<50,N(O15)>=2)),84.9,100)) -> 100 | AK15: =IF(AI15="","",MIN(AI15,AJ15)) -> 51.549652 | AL15: =IF($C15="","",IF(AK15="","Gris — menos de 3 fuentes",IF(AND(AK15<Parámetros!$B$14,N15<>"",N(N15)<Parámetros!$B$15,N(Y15)>=60),"Gris — repetir observación",IF(AK15>=Parámetros!$B$13,"Verde",IF(AK15>=Parámetros!$B$14,"Amarillo","Rojo"))))) -> Rojo | AM15: =IF($C15="","",IF(AND(ISNUMBER(Y15),N(Y15)<60),"Ejecución < 60 %: rojo automático",IF(AND(ISNUMBER(AE15),N(AE15)<80),"PIAR < 80 %: máximo amarillo",IF(AND(ISNUMBER(AC15),N(AC15)<50,N(O15)>=2),"Observación < 50: máximo amarillo",IF(AND(N15<>"",N(N15)<Parámetros!$B$15),"κ < 0,60: observación descartada, repetir","")))))
A16: 2027 | B16: 2 | C16: EJEMPLO Docente G | D16: Lenguaje 6°–11° | E16: 10 | F16: 9 | G16: 10 | H16: 10 | I16: 6 | J16: 6 | K16: 21 | L16: 2.7 | M16: 4.4 | N16: 0.81 | O16: 2 | P16: 0.43 | Q16: 21 | R16: 6 | S16: 5 | T16: 5 | U16: 1 | X16: =IF(N(E16)>0,MIN(100,F16/E16*100),"") -> 90 | Y16: =IF(N(G16)>0,MIN(100,H16/G16*100),"") -> 100 | Z16: =IF(N(I16)>0,MIN(100,J16/I16*100),"") -> 100 | AA16: =IF(K16="","",K16/24*100) -> 87.5 | AB16: =IF(L16="","",L16/3*100) -> 90 | AC16: =IF(OR(M16="",AND(N16<>"",N(N16)<Parámetros!$B$15)),"",MAX(0,MIN(100,(M16-1)/4*100))) -> 85 | AD16: =IF(OR(P16="",N(Q16)=0),"",MAX(0,MIN(100,((Q16/(Q16+Parámetros!$B$16))*P16+(Parámetros!$B$16/(Q16+Parámetros!$B$16))*Parámetros!$B$17-0.1)/0.4*100))) -> 72.016129 | AE16: =IF(N(R16)>0,MIN(100,S16/R16*100),"") -> 83.333333 | AF16: =IF(N(U16)>0,MIN(100,T16/(U16*5)*100),"") -> 100 | AG16: =IF(OR(V16="",N(W16)<10),"",(V16-1)/4*100) | AH16: =IF($C16="","",COUNT(X16:AG16)) -> 9 | AI16: =IF(OR($C16="",N(AH16)<Parámetros!$B$18),"",(IF(ISNUMBER(X16),X16*Parámetros!$B$2,0)+IF(ISNUMBER(Y16),Y16*Parámetros!$B$3,0)+IF(ISNUMBER(Z16),Z16*Parámetros!$B$4,0)+IF(ISNUMBER(AA16),AA16*Parámetros!$B$5,0)+IF(ISNUMBER(AB16),AB16*Parámetros!$B$6,0)+IF(ISNUMBER(AC16),AC16*Parámetros!$B$7,0)+IF(ISNUMBER(AD16),AD16*Parámetros!$B$8,0)+IF(ISNUMBER(AE16),AE16*Parámetros!$B$9,0)+IF(ISNUMBER(AF16),AF16*Parámetros!$B$10,0)+IF(ISNUMBER(AG16),AG16*Parámetros!$B$11,0))/(IF(ISNUMBER(X16),Parámetros!$B$2,0)+IF(ISNUMBER(Y16),Parámetros!$B$3,0)+IF(ISNUMBER(Z16),Parámetros!$B$4,0)+IF(ISNUMBER(AA16),Parámetros!$B$5,0)+IF(ISNUMBER(AB16),Parámetros!$B$6,0)+IF(ISNUMBER(AC16),Parámetros!$B$7,0)+IF(ISNUMBER(AD16),Parámetros!$B$8,0)+IF(ISNUMBER(AE16),Parámetros!$B$9,0)+IF(ISNUMBER(AF16),Parámetros!$B$10,0)+IF(ISNUMBER(AG16),Parámetros!$B$11,0))) -> 87.774477 | AJ16: =IF(AND(ISNUMBER(Y16),N(Y16)<60),69.9,IF(OR(AND(ISNUMBER(AE16),N(AE16)<80),AND(ISNUMBER(AC16),N(AC16)<50,N(O16)>=2)),84.9,100)) -> 100 | AK16: =IF(AI16="","",MIN(AI16,AJ16)) -> 87.774477 | AL16: =IF($C16="","",IF(AK16="","Gris — menos de 3 fuentes",IF(AND(AK16<Parámetros!$B$14,N16<>"",N(N16)<Parámetros!$B$15,N(Y16)>=60),"Gris — repetir observación",IF(AK16>=Parámetros!$B$13,"Verde",IF(AK16>=Parámetros!$B$14,"Amarillo","Rojo"))))) -> Verde | AM16: =IF($C16="","",IF(AND(ISNUMBER(Y16),N(Y16)<60),"Ejecución < 60 %: rojo automático",IF(AND(ISNUMBER(AE16),N(AE16)<80),"PIAR < 80 %: máximo amarillo",IF(AND(ISNUMBER(AC16),N(AC16)<50,N(O16)>=2),"Observación < 50: máximo amarillo",IF(AND(N16<>"",N(N16)<Parámetros!$B$15),"κ < 0,60: observación descartada, repetir","")))))
A17: 2027 | B17: 2 | C17: EJEMPLO Docente H | D17: Ciencias 6°–11° | E17: 10 | F17: 8 | G17: 10 | H17: 9 | I17: 6 | J17: 5 | K17: 18 | L17: 2 | M17: 4 | N17: 0.8 | O17: 2 | P17: 0.36 | Q17: 29 | T17: 4 | U17: 1 | X17: =IF(N(E17)>0,MIN(100,F17/E17*100),"") -> 80 | Y17: =IF(N(G17)>0,MIN(100,H17/G17*100),"") -> 90 | Z17: =IF(N(I17)>0,MIN(100,J17/I17*100),"") -> 83.333333 | AA17: =IF(K17="","",K17/24*100) -> 75 | AB17: =IF(L17="","",L17/3*100) -> 66.666667 | AC17: =IF(OR(M17="",AND(N17<>"",N(N17)<Parámetros!$B$15)),"",MAX(0,MIN(100,(M17-1)/4*100))) -> 75 | AD17: =IF(OR(P17="",N(Q17)=0),"",MAX(0,MIN(100,((Q17/(Q17+Parámetros!$B$16))*P17+(Parámetros!$B$16/(Q17+Parámetros!$B$16))*Parámetros!$B$17-0.1)/0.4*100))) -> 61.153846 | AE17: =IF(N(R17)>0,MIN(100,S17/R17*100),"") | AF17: =IF(N(U17)>0,MIN(100,T17/(U17*5)*100),"") -> 80 | AG17: =IF(OR(V17="",N(W17)<10),"",(V17-1)/4*100) | AH17: =IF($C17="","",COUNT(X17:AG17)) -> 8 | AI17: =IF(OR($C17="",N(AH17)<Parámetros!$B$18),"",(IF(ISNUMBER(X17),X17*Parámetros!$B$2,0)+IF(ISNUMBER(Y17),Y17*Parámetros!$B$3,0)+IF(ISNUMBER(Z17),Z17*Parámetros!$B$4,0)+IF(ISNUMBER(AA17),AA17*Parámetros!$B$5,0)+IF(ISNUMBER(AB17),AB17*Parámetros!$B$6,0)+IF(ISNUMBER(AC17),AC17*Parámetros!$B$7,0)+IF(ISNUMBER(AD17),AD17*Parámetros!$B$8,0)+IF(ISNUMBER(AE17),AE17*Parámetros!$B$9,0)+IF(ISNUMBER(AF17),AF17*Parámetros!$B$10,0)+IF(ISNUMBER(AG17),AG17*Parámetros!$B$11,0))/(IF(ISNUMBER(X17),Parámetros!$B$2,0)+IF(ISNUMBER(Y17),Parámetros!$B$3,0)+IF(ISNUMBER(Z17),Parámetros!$B$4,0)+IF(ISNUMBER(AA17),Parámetros!$B$5,0)+IF(ISNUMBER(AB17),Parámetros!$B$6,0)+IF(ISNUMBER(AC17),Parámetros!$B$7,0)+IF(ISNUMBER(AD17),Parámetros!$B$8,0)+IF(ISNUMBER(AE17),Parámetros!$B$9,0)+IF(ISNUMBER(AF17),Parámetros!$B$10,0)+IF(ISNUMBER(AG17),Parámetros!$B$11,0))) -> 74.909502 | AJ17: =IF(AND(ISNUMBER(Y17),N(Y17)<60),69.9,IF(OR(AND(ISNUMBER(AE17),N(AE17)<80),AND(ISNUMBER(AC17),N(AC17)<50,N(O17)>=2)),84.9,100)) -> 100 | AK17: =IF(AI17="","",MIN(AI17,AJ17)) -> 74.909502 | AL17: =IF($C17="","",IF(AK17="","Gris — menos de 3 fuentes",IF(AND(AK17<Parámetros!$B$14,N17<>"",N(N17)<Parámetros!$B$15,N(Y17)>=60),"Gris — repetir observación",IF(AK17>=Parámetros!$B$13,"Verde",IF(AK17>=Parámetros!$B$14,"Amarillo","Rojo"))))) -> Amarillo | AM17: =IF($C17="","",IF(AND(ISNUMBER(Y17),N(Y17)<60),"Ejecución < 60 %: rojo automático",IF(AND(ISNUMBER(AE17),N(AE17)<80),"PIAR < 80 %: máximo amarillo",IF(AND(ISNUMBER(AC17),N(AC17)<50,N(O17)>=2),"Observación < 50: máximo amarillo",IF(AND(N17<>"",N(N17)<Parámetros!$B$15),"κ < 0,60: observación descartada, repetir","")))))
A18: 2028 | B18: 1 | C18: EJEMPLO Docente A | D18: Transición | E18: 10 | F18: 10 | G18: 10 | H18: 10 | I18: 6 | J18: 6 | K18: 22 | L18: 2.8 | M18: 4.7 | N18: 0.84 | O18: 2 | P18: 0.49 | Q18: 25 | R18: 6 | S18: 6 | T18: 5 | U18: 1 | V18: 4.7 | W18: 21 | X18: =IF(N(E18)>0,MIN(100,F18/E18*100),"") -> 100 | Y18: =IF(N(G18)>0,MIN(100,H18/G18*100),"") -> 100 | Z18: =IF(N(I18)>0,MIN(100,J18/I18*100),"") -> 100 | AA18: =IF(K18="","",K18/24*100) -> 91.666667 | AB18: =IF(L18="","",L18/3*100) -> 93.333333 | AC18: =IF(OR(M18="",AND(N18<>"",N(N18)<Parámetros!$B$15)),"",MAX(0,MIN(100,(M18-1)/4*100))) -> 92.5 | AD18: =IF(OR(P18="",N(Q18)=0),"",MAX(0,MIN(100,((Q18/(Q18+Parámetros!$B$16))*P18+(Parámetros!$B$16/(Q18+Parámetros!$B$16))*Parámetros!$B$17-0.1)/0.4*100))) -> 83.928571 | AE18: =IF(N(R18)>0,MIN(100,S18/R18*100),"") -> 100 | AF18: =IF(N(U18)>0,MIN(100,T18/(U18*5)*100),"") -> 100 | AG18: =IF(OR(V18="",N(W18)<10),"",(V18-1)/4*100) -> 92.5 | AH18: =IF($C18="","",COUNT(X18:AG18)) -> 10 | AI18: =IF(OR($C18="",N(AH18)<Parámetros!$B$18),"",(IF(ISNUMBER(X18),X18*Parámetros!$B$2,0)+IF(ISNUMBER(Y18),Y18*Parámetros!$B$3,0)+IF(ISNUMBER(Z18),Z18*Parámetros!$B$4,0)+IF(ISNUMBER(AA18),AA18*Parámetros!$B$5,0)+IF(ISNUMBER(AB18),AB18*Parámetros!$B$6,0)+IF(ISNUMBER(AC18),AC18*Parámetros!$B$7,0)+IF(ISNUMBER(AD18),AD18*Parámetros!$B$8,0)+IF(ISNUMBER(AE18),AE18*Parámetros!$B$9,0)+IF(ISNUMBER(AF18),AF18*Parámetros!$B$10,0)+IF(ISNUMBER(AG18),AG18*Parámetros!$B$11,0))/(IF(ISNUMBER(X18),Parámetros!$B$2,0)+IF(ISNUMBER(Y18),Parámetros!$B$3,0)+IF(ISNUMBER(Z18),Parámetros!$B$4,0)+IF(ISNUMBER(AA18),Parámetros!$B$5,0)+IF(ISNUMBER(AB18),Parámetros!$B$6,0)+IF(ISNUMBER(AC18),Parámetros!$B$7,0)+IF(ISNUMBER(AD18),Parámetros!$B$8,0)+IF(ISNUMBER(AE18),Parámetros!$B$9,0)+IF(ISNUMBER(AF18),Parámetros!$B$10,0)+IF(ISNUMBER(AG18),Parámetros!$B$11,0))) -> 94.214286 | AJ18: =IF(AND(ISNUMBER(Y18),N(Y18)<60),69.9,IF(OR(AND(ISNUMBER(AE18),N(AE18)<80),AND(ISNUMBER(AC18),N(AC18)<50,N(O18)>=2)),84.9,100)) -> 100 | AK18: =IF(AI18="","",MIN(AI18,AJ18)) -> 94.214286 | AL18: =IF($C18="","",IF(AK18="","Gris — menos de 3 fuentes",IF(AND(AK18<Parámetros!$B$14,N18<>"",N(N18)<Parámetros!$B$15,N(Y18)>=60),"Gris — repetir observación",IF(AK18>=Parámetros!$B$13,"Verde",IF(AK18>=Parámetros!$B$14,"Amarillo","Rojo"))))) -> Verde | AM18: =IF($C18="","",IF(AND(ISNUMBER(Y18),N(Y18)<60),"Ejecución < 60 %: rojo automático",IF(AND(ISNUMBER(AE18),N(AE18)<80),"PIAR < 80 %: máximo amarillo",IF(AND(ISNUMBER(AC18),N(AC18)<50,N(O18)>=2),"Observación < 50: máximo amarillo",IF(AND(N18<>"",N(N18)<Parámetros!$B$15),"κ < 0,60: observación descartada, repetir","")))))
A19: 2028 | B19: 1 | C19: EJEMPLO Docente B | D19: 1° Integrada | E19: 10 | F19: 9 | G19: 10 | H19: 10 | I19: 6 | J19: 5 | K19: 21 | L19: 2.3 | M19: 4.1 | N19: 0.8 | O19: 2 | P19: 0.53 | Q19: 30 | T19: 5 | U19: 1 | V19: 4.4 | W19: 26 | X19: =IF(N(E19)>0,MIN(100,F19/E19*100),"") -> 90 | Y19: =IF(N(G19)>0,MIN(100,H19/G19*100),"") -> 100 | Z19: =IF(N(I19)>0,MIN(100,J19/I19*100),"") -> 83.333333 | AA19: =IF(K19="","",K19/24*100) -> 87.5 | AB19: =IF(L19="","",L19/3*100) -> 76.666667 | AC19: =IF(OR(M19="",AND(N19<>"",N(N19)<Parámetros!$B$15)),"",MAX(0,MIN(100,(M19-1)/4*100))) -> 77.5 | AD19: =IF(OR(P19="",N(Q19)=0),"",MAX(0,MIN(100,((Q19/(Q19+Parámetros!$B$16))*P19+(Parámetros!$B$16/(Q19+Parámetros!$B$16))*Parámetros!$B$17-0.1)/0.4*100))) -> 93.125 | AE19: =IF(N(R19)>0,MIN(100,S19/R19*100),"") | AF19: =IF(N(U19)>0,MIN(100,T19/(U19*5)*100),"") -> 100 | AG19: =IF(OR(V19="",N(W19)<10),"",(V19-1)/4*100) -> 85 | AH19: =IF($C19="","",COUNT(X19:AG19)) -> 9 | AI19: =IF(OR($C19="",N(AH19)<Parámetros!$B$18),"",(IF(ISNUMBER(X19),X19*Parámetros!$B$2,0)+IF(ISNUMBER(Y19),Y19*Parámetros!$B$3,0)+IF(ISNUMBER(Z19),Z19*Parámetros!$B$4,0)+IF(ISNUMBER(AA19),AA19*Parámetros!$B$5,0)+IF(ISNUMBER(AB19),AB19*Parámetros!$B$6,0)+IF(ISNUMBER(AC19),AC19*Parámetros!$B$7,0)+IF(ISNUMBER(AD19),AD19*Parámetros!$B$8,0)+IF(ISNUMBER(AE19),AE19*Parámetros!$B$9,0)+IF(ISNUMBER(AF19),AF19*Parámetros!$B$10,0)+IF(ISNUMBER(AG19),AG19*Parámetros!$B$11,0))/(IF(ISNUMBER(X19),Parámetros!$B$2,0)+IF(ISNUMBER(Y19),Parámetros!$B$3,0)+IF(ISNUMBER(Z19),Parámetros!$B$4,0)+IF(ISNUMBER(AA19),Parámetros!$B$5,0)+IF(ISNUMBER(AB19),Parámetros!$B$6,0)+IF(ISNUMBER(AC19),Parámetros!$B$7,0)+IF(ISNUMBER(AD19),Parámetros!$B$8,0)+IF(ISNUMBER(AE19),Parámetros!$B$9,0)+IF(ISNUMBER(AF19),Parámetros!$B$10,0)+IF(ISNUMBER(AG19),Parámetros!$B$11,0))) -> 86.631944 | AJ19: =IF(AND(ISNUMBER(Y19),N(Y19)<60),69.9,IF(OR(AND(ISNUMBER(AE19),N(AE19)<80),AND(ISNUMBER(AC19),N(AC19)<50,N(O19)>=2)),84.9,100)) -> 100 | AK19: =IF(AI19="","",MIN(AI19,AJ19)) -> 86.631944 | AL19: =IF($C19="","",IF(AK19="","Gris — menos de 3 fuentes",IF(AND(AK19<Parámetros!$B$14,N19<>"",N(N19)<Parámetros!$B$15,N(Y19)>=60),"Gris — repetir observación",IF(AK19>=Parámetros!$B$13,"Verde",IF(AK19>=Parámetros!$B$14,"Amarillo","Rojo"))))) -> Verde | AM19: =IF($C19="","",IF(AND(ISNUMBER(Y19),N(Y19)<60),"Ejecución < 60 %: rojo automático",IF(AND(ISNUMBER(AE19),N(AE19)<80),"PIAR < 80 %: máximo amarillo",IF(AND(ISNUMBER(AC19),N(AC19)<50,N(O19)>=2),"Observación < 50: máximo amarillo",IF(AND(N19<>"",N(N19)<Parámetros!$B$15),"κ < 0,60: observación descartada, repetir","")))))
A20: 2028 | B20: 1 | C20: EJEMPLO Docente C | D20: 3° Integrada | E20: 10 | F20: 9 | G20: 10 | H20: 9 | I20: 6 | J20: 5 | K20: 15 | L20: 2 | M20: 3.5 | N20: 0.85 | O20: 2 | P20: 0.36 | Q20: 29 | T20: 4 | U20: 1 | V20: 4.1 | W20: 28 | X20: =IF(N(E20)>0,MIN(100,F20/E20*100),"") -> 90 | Y20: =IF(N(G20)>0,MIN(100,H20/G20*100),"") -> 90 | Z20: =IF(N(I20)>0,MIN(100,J20/I20*100),"") -> 83.333333 | AA20: =IF(K20="","",K20/24*100) -> 62.5 | AB20: =IF(L20="","",L20/3*100) -> 66.666667 | AC20: =IF(OR(M20="",AND(N20<>"",N(N20)<Parámetros!$B$15)),"",MAX(0,MIN(100,(M20-1)/4*100))) -> 62.5 | AD20: =IF(OR(P20="",N(Q20)=0),"",MAX(0,MIN(100,((Q20/(Q20+Parámetros!$B$16))*P20+(Parámetros!$B$16/(Q20+Parámetros!$B$16))*Parámetros!$B$17-0.1)/0.4*100))) -> 61.153846 | AE20: =IF(N(R20)>0,MIN(100,S20/R20*100),"") | AF20: =IF(N(U20)>0,MIN(100,T20/(U20*5)*100),"") -> 80 | AG20: =IF(OR(V20="",N(W20)<10),"",(V20-1)/4*100) -> 77.5 | AH20: =IF($C20="","",COUNT(X20:AG20)) -> 9 | AI20: =IF(OR($C20="",N(AH20)<Parámetros!$B$18),"",(IF(ISNUMBER(X20),X20*Parámetros!$B$2,0)+IF(ISNUMBER(Y20),Y20*Parámetros!$B$3,0)+IF(ISNUMBER(Z20),Z20*Parámetros!$B$4,0)+IF(ISNUMBER(AA20),AA20*Parámetros!$B$5,0)+IF(ISNUMBER(AB20),AB20*Parámetros!$B$6,0)+IF(ISNUMBER(AC20),AC20*Parámetros!$B$7,0)+IF(ISNUMBER(AD20),AD20*Parámetros!$B$8,0)+IF(ISNUMBER(AE20),AE20*Parámetros!$B$9,0)+IF(ISNUMBER(AF20),AF20*Parámetros!$B$10,0)+IF(ISNUMBER(AG20),AG20*Parámetros!$B$11,0))/(IF(ISNUMBER(X20),Parámetros!$B$2,0)+IF(ISNUMBER(Y20),Parámetros!$B$3,0)+IF(ISNUMBER(Z20),Parámetros!$B$4,0)+IF(ISNUMBER(AA20),Parámetros!$B$5,0)+IF(ISNUMBER(AB20),Parámetros!$B$6,0)+IF(ISNUMBER(AC20),Parámetros!$B$7,0)+IF(ISNUMBER(AD20),Parámetros!$B$8,0)+IF(ISNUMBER(AE20),Parámetros!$B$9,0)+IF(ISNUMBER(AF20),Parámetros!$B$10,0)+IF(ISNUMBER(AG20),Parámetros!$B$11,0))) -> 71.442308 | AJ20: =IF(AND(ISNUMBER(Y20),N(Y20)<60),69.9,IF(OR(AND(ISNUMBER(AE20),N(AE20)<80),AND(ISNUMBER(AC20),N(AC20)<50,N(O20)>=2)),84.9,100)) -> 100 | AK20: =IF(AI20="","",MIN(AI20,AJ20)) -> 71.442308 | AL20: =IF($C20="","",IF(AK20="","Gris — menos de 3 fuentes",IF(AND(AK20<Parámetros!$B$14,N20<>"",N(N20)<Parámetros!$B$15,N(Y20)>=60),"Gris — repetir observación",IF(AK20>=Parámetros!$B$13,"Verde",IF(AK20>=Parámetros!$B$14,"Amarillo","Rojo"))))) -> Amarillo | AM20: =IF($C20="","",IF(AND(ISNUMBER(Y20),N(Y20)<60),"Ejecución < 60 %: rojo automático",IF(AND(ISNUMBER(AE20),N(AE20)<80),"PIAR < 80 %: máximo amarillo",IF(AND(ISNUMBER(AC20),N(AC20)<50,N(O20)>=2),"Observación < 50: máximo amarillo",IF(AND(N20<>"",N(N20)<Parámetros!$B$15),"κ < 0,60: observación descartada, repetir","")))))
A21: 2028 | B21: 1 | C21: EJEMPLO Docente D | D21: 5° Integrada | E21: 10 | F21: 10 | G21: 10 | H21: 10 | I21: 6 | J21: 6 | K21: 24 | L21: 2.9 | M21: 4.7 | N21: 0.8 | O21: 2 | P21: 0.47 | Q21: 29 | R21: 6 | S21: 6 | T21: 5 | U21: 1 | V21: 4.7 | W21: 27 | X21: =IF(N(E21)>0,MIN(100,F21/E21*100),"") -> 100 | Y21: =IF(N(G21)>0,MIN(100,H21/G21*100),"") -> 100 | Z21: =IF(N(I21)>0,MIN(100,J21/I21*100),"") -> 100 | AA21: =IF(K21="","",K21/24*100) -> 100 | AB21: =IF(L21="","",L21/3*100) -> 96.666667 | AC21: =IF(OR(M21="",AND(N21<>"",N(N21)<Parámetros!$B$15)),"",MAX(0,MIN(100,(M21-1)/4*100))) -> 92.5 | AD21: =IF(OR(P21="",N(Q21)=0),"",MAX(0,MIN(100,((Q21/(Q21+Parámetros!$B$16))*P21+(Parámetros!$B$16/(Q21+Parámetros!$B$16))*Parámetros!$B$17-0.1)/0.4*100))) -> 81.602564 | AE21: =IF(N(R21)>0,MIN(100,S21/R21*100),"") -> 100 | AF21: =IF(N(U21)>0,MIN(100,T21/(U21*5)*100),"") -> 100 | AG21: =IF(OR(V21="",N(W21)<10),"",(V21-1)/4*100) -> 92.5 | AH21: =IF($C21="","",COUNT(X21:AG21)) -> 10 | AI21: =IF(OR($C21="",N(AH21)<Parámetros!$B$18),"",(IF(ISNUMBER(X21),X21*Parámetros!$B$2,0)+IF(ISNUMBER(Y21),Y21*Parámetros!$B$3,0)+IF(ISNUMBER(Z21),Z21*Parámetros!$B$4,0)+IF(ISNUMBER(AA21),AA21*Parámetros!$B$5,0)+IF(ISNUMBER(AB21),AB21*Parámetros!$B$6,0)+IF(ISNUMBER(AC21),AC21*Parámetros!$B$7,0)+IF(ISNUMBER(AD21),AD21*Parámetros!$B$8,0)+IF(ISNUMBER(AE21),AE21*Parámetros!$B$9,0)+IF(ISNUMBER(AF21),AF21*Parámetros!$B$10,0)+IF(ISNUMBER(AG21),AG21*Parámetros!$B$11,0))/(IF(ISNUMBER(X21),Parámetros!$B$2,0)+IF(ISNUMBER(Y21),Parámetros!$B$3,0)+IF(ISNUMBER(Z21),Parámetros!$B$4,0)+IF(ISNUMBER(AA21),Parámetros!$B$5,0)+IF(ISNUMBER(AB21),Parámetros!$B$6,0)+IF(ISNUMBER(AC21),Parámetros!$B$7,0)+IF(ISNUMBER(AD21),Parámetros!$B$8,0)+IF(ISNUMBER(AE21),Parámetros!$B$9,0)+IF(ISNUMBER(AF21),Parámetros!$B$10,0)+IF(ISNUMBER(AG21),Parámetros!$B$11,0))) -> 95.032051 | AJ21: =IF(AND(ISNUMBER(Y21),N(Y21)<60),69.9,IF(OR(AND(ISNUMBER(AE21),N(AE21)<80),AND(ISNUMBER(AC21),N(AC21)<50,N(O21)>=2)),84.9,100)) -> 100 | AK21: =IF(AI21="","",MIN(AI21,AJ21)) -> 95.032051 | AL21: =IF($C21="","",IF(AK21="","Gris — menos de 3 fuentes",IF(AND(AK21<Parámetros!$B$14,N21<>"",N(N21)<Parámetros!$B$15,N(Y21)>=60),"Gris — repetir observación",IF(AK21>=Parámetros!$B$13,"Verde",IF(AK21>=Parámetros!$B$14,"Amarillo","Rojo"))))) -> Verde | AM21: =IF($C21="","",IF(AND(ISNUMBER(Y21),N(Y21)<60),"Ejecución < 60 %: rojo automático",IF(AND(ISNUMBER(AE21),N(AE21)<80),"PIAR < 80 %: máximo amarillo",IF(AND(ISNUMBER(AC21),N(AC21)<50,N(O21)>=2),"Observación < 50: máximo amarillo",IF(AND(N21<>"",N(N21)<Parámetros!$B$15),"κ < 0,60: observación descartada, repetir","")))))
A22: 2028 | B22: 1 | C22: EJEMPLO Docente E | D22: Inglés primaria | E22: 10 | F22: 8 | G22: 10 | H22: 10 | I22: 6 | J22: 6 | K22: 19 | L22: 2.5 | M22: 4.2 | N22: 0.82 | O22: 2 | P22: 0.4 | Q22: 21 | T22: 4 | U22: 1 | V22: 4.3 | W22: 22 | X22: =IF(N(E22)>0,MIN(100,F22/E22*100),"") -> 80 | Y22: =IF(N(G22)>0,MIN(100,H22/G22*100),"") -> 100 | Z22: =IF(N(I22)>0,MIN(100,J22/I22*100),"") -> 100 | AA22: =IF(K22="","",K22/24*100) -> 79.166667 | AB22: =IF(L22="","",L22/3*100) -> 83.333333 | AC22: =IF(OR(M22="",AND(N22<>"",N(N22)<Parámetros!$B$15)),"",MAX(0,MIN(100,(M22-1)/4*100))) -> 80 | AD22: =IF(OR(P22="",N(Q22)=0),"",MAX(0,MIN(100,((Q22/(Q22+Parámetros!$B$16))*P22+(Parámetros!$B$16/(Q22+Parámetros!$B$16))*Parámetros!$B$17-0.1)/0.4*100))) -> 66.935484 | AE22: =IF(N(R22)>0,MIN(100,S22/R22*100),"") | AF22: =IF(N(U22)>0,MIN(100,T22/(U22*5)*100),"") -> 80 | AG22: =IF(OR(V22="",N(W22)<10),"",(V22-1)/4*100) -> 82.5 | AH22: =IF($C22="","",COUNT(X22:AG22)) -> 9 | AI22: =IF(OR($C22="",N(AH22)<Parámetros!$B$18),"",(IF(ISNUMBER(X22),X22*Parámetros!$B$2,0)+IF(ISNUMBER(Y22),Y22*Parámetros!$B$3,0)+IF(ISNUMBER(Z22),Z22*Parámetros!$B$4,0)+IF(ISNUMBER(AA22),AA22*Parámetros!$B$5,0)+IF(ISNUMBER(AB22),AB22*Parámetros!$B$6,0)+IF(ISNUMBER(AC22),AC22*Parámetros!$B$7,0)+IF(ISNUMBER(AD22),AD22*Parámetros!$B$8,0)+IF(ISNUMBER(AE22),AE22*Parámetros!$B$9,0)+IF(ISNUMBER(AF22),AF22*Parámetros!$B$10,0)+IF(ISNUMBER(AG22),AG22*Parámetros!$B$11,0))/(IF(ISNUMBER(X22),Parámetros!$B$2,0)+IF(ISNUMBER(Y22),Parámetros!$B$3,0)+IF(ISNUMBER(Z22),Parámetros!$B$4,0)+IF(ISNUMBER(AA22),Parámetros!$B$5,0)+IF(ISNUMBER(AB22),Parámetros!$B$6,0)+IF(ISNUMBER(AC22),Parámetros!$B$7,0)+IF(ISNUMBER(AD22),Parámetros!$B$8,0)+IF(ISNUMBER(AE22),Parámetros!$B$9,0)+IF(ISNUMBER(AF22),Parámetros!$B$10,0)+IF(ISNUMBER(AG22),Parámetros!$B$11,0))) -> 82.683692 | AJ22: =IF(AND(ISNUMBER(Y22),N(Y22)<60),69.9,IF(OR(AND(ISNUMBER(AE22),N(AE22)<80),AND(ISNUMBER(AC22),N(AC22)<50,N(O22)>=2)),84.9,100)) -> 100 | AK22: =IF(AI22="","",MIN(AI22,AJ22)) -> 82.683692 | AL22: =IF($C22="","",IF(AK22="","Gris — menos de 3 fuentes",IF(AND(AK22<Parámetros!$B$14,N22<>"",N(N22)<Parámetros!$B$15,N(Y22)>=60),"Gris — repetir observación",IF(AK22>=Parámetros!$B$13,"Verde",IF(AK22>=Parámetros!$B$14,"Amarillo","Rojo"))))) -> Amarillo | AM22: =IF($C22="","",IF(AND(ISNUMBER(Y22),N(Y22)<60),"Ejecución < 60 %: rojo automático",IF(AND(ISNUMBER(AE22),N(AE22)<80),"PIAR < 80 %: máximo amarillo",IF(AND(ISNUMBER(AC22),N(AC22)<50,N(O22)>=2),"Observación < 50: máximo amarillo",IF(AND(N22<>"",N(N22)<Parámetros!$B$15),"κ < 0,60: observación descartada, repetir","")))))
A23: 2028 | B23: 1 | C23: EJEMPLO Docente F | D23: Matemáticas 6°–9° | E23: 10 | F23: 6 | G23: 10 | H23: 6 | I23: 6 | J23: 4 | K23: 12 | L23: 1.6 | M23: 3.1 | N23: 0.66 | O23: 2 | P23: 0.29 | Q23: 30 | T23: 3 | U23: 1 | V23: 3.8 | W23: 28 | X23: =IF(N(E23)>0,MIN(100,F23/E23*100),"") -> 60 | Y23: =IF(N(G23)>0,MIN(100,H23/G23*100),"") -> 60 | Z23: =IF(N(I23)>0,MIN(100,J23/I23*100),"") -> 66.666667 | AA23: =IF(K23="","",K23/24*100) -> 50 | AB23: =IF(L23="","",L23/3*100) -> 53.333333 | AC23: =IF(OR(M23="",AND(N23<>"",N(N23)<Parámetros!$B$15)),"",MAX(0,MIN(100,(M23-1)/4*100))) -> 52.5 | AD23: =IF(OR(P23="",N(Q23)=0),"",MAX(0,MIN(100,((Q23/(Q23+Parámetros!$B$16))*P23+(Parámetros!$B$16/(Q23+Parámetros!$B$16))*Parámetros!$B$17-0.1)/0.4*100))) -> 48.125 | AE23: =IF(N(R23)>0,MIN(100,S23/R23*100),"") | AF23: =IF(N(U23)>0,MIN(100,T23/(U23*5)*100),"") -> 60 | AG23: =IF(OR(V23="",N(W23)<10),"",(V23-1)/4*100) -> 70 | AH23: =IF($C23="","",COUNT(X23:AG23)) -> 9 | AI23: =IF(OR($C23="",N(AH23)<Parámetros!$B$18),"",(IF(ISNUMBER(X23),X23*Parámetros!$B$2,0)+IF(ISNUMBER(Y23),Y23*Parámetros!$B$3,0)+IF(ISNUMBER(Z23),Z23*Parámetros!$B$4,0)+IF(ISNUMBER(AA23),AA23*Parámetros!$B$5,0)+IF(ISNUMBER(AB23),AB23*Parámetros!$B$6,0)+IF(ISNUMBER(AC23),AC23*Parámetros!$B$7,0)+IF(ISNUMBER(AD23),AD23*Parámetros!$B$8,0)+IF(ISNUMBER(AE23),AE23*Parámetros!$B$9,0)+IF(ISNUMBER(AF23),AF23*Parámetros!$B$10,0)+IF(ISNUMBER(AG23),AG23*Parámetros!$B$11,0))/(IF(ISNUMBER(X23),Parámetros!$B$2,0)+IF(ISNUMBER(Y23),Parámetros!$B$3,0)+IF(ISNUMBER(Z23),Parámetros!$B$4,0)+IF(ISNUMBER(AA23),Parámetros!$B$5,0)+IF(ISNUMBER(AB23),Parámetros!$B$6,0)+IF(ISNUMBER(AC23),Parámetros!$B$7,0)+IF(ISNUMBER(AD23),Parámetros!$B$8,0)+IF(ISNUMBER(AE23),Parámetros!$B$9,0)+IF(ISNUMBER(AF23),Parámetros!$B$10,0)+IF(ISNUMBER(AG23),Parámetros!$B$11,0))) -> 55.798611 | AJ23: =IF(AND(ISNUMBER(Y23),N(Y23)<60),69.9,IF(OR(AND(ISNUMBER(AE23),N(AE23)<80),AND(ISNUMBER(AC23),N(AC23)<50,N(O23)>=2)),84.9,100)) -> 100 | AK23: =IF(AI23="","",MIN(AI23,AJ23)) -> 55.798611 | AL23: =IF($C23="","",IF(AK23="","Gris — menos de 3 fuentes",IF(AND(AK23<Parámetros!$B$14,N23<>"",N(N23)<Parámetros!$B$15,N(Y23)>=60),"Gris — repetir observación",IF(AK23>=Parámetros!$B$13,"Verde",IF(AK23>=Parámetros!$B$14,"Amarillo","Rojo"))))) -> Rojo | AM23: =IF($C23="","",IF(AND(ISNUMBER(Y23),N(Y23)<60),"Ejecución < 60 %: rojo automático",IF(AND(ISNUMBER(AE23),N(AE23)<80),"PIAR < 80 %: máximo amarillo",IF(AND(ISNUMBER(AC23),N(AC23)<50,N(O23)>=2),"Observación < 50: máximo amarillo",IF(AND(N23<>"",N(N23)<Parámetros!$B$15),"κ < 0,60: observación descartada, repetir","")))))
A24: 2028 | B24: 1 | C24: EJEMPLO Docente G | D24: Lenguaje 6°–11° | E24: 10 | F24: 10 | G24: 10 | H24: 10 | I24: 6 | J24: 6 | K24: 23 | L24: 2.8 | M24: 4.6 | N24: 0.91 | O24: 2 | P24: 0.56 | Q24: 21 | R24: 6 | S24: 6 | T24: 5 | U24: 1 | V24: 4.6 | W24: 26 | X24: =IF(N(E24)>0,MIN(100,F24/E24*100),"") -> 100 | Y24: =IF(N(G24)>0,MIN(100,H24/G24*100),"") -> 100 | Z24: =IF(N(I24)>0,MIN(100,J24/I24*100),"") -> 100 | AA24: =IF(K24="","",K24/24*100) -> 95.833333 | AB24: =IF(L24="","",L24/3*100) -> 93.333333 | AC24: =IF(OR(M24="",AND(N24<>"",N(N24)<Parámetros!$B$15)),"",MAX(0,MIN(100,(M24-1)/4*100))) -> 90 | AD24: =IF(OR(P24="",N(Q24)=0),"",MAX(0,MIN(100,((Q24/(Q24+Parámetros!$B$16))*P24+(Parámetros!$B$16/(Q24+Parámetros!$B$16))*Parámetros!$B$17-0.1)/0.4*100))) -> 94.032258 | AE24: =IF(N(R24)>0,MIN(100,S24/R24*100),"") -> 100 | AF24: =IF(N(U24)>0,MIN(100,T24/(U24*5)*100),"") -> 100 | AG24: =IF(OR(V24="",N(W24)<10),"",(V24-1)/4*100) -> 90 | AH24: =IF($C24="","",COUNT(X24:AG24)) -> 10 | AI24: =IF(OR($C24="",N(AH24)<Parámetros!$B$18),"",(IF(ISNUMBER(X24),X24*Parámetros!$B$2,0)+IF(ISNUMBER(Y24),Y24*Parámetros!$B$3,0)+IF(ISNUMBER(Z24),Z24*Parámetros!$B$4,0)+IF(ISNUMBER(AA24),AA24*Parámetros!$B$5,0)+IF(ISNUMBER(AB24),AB24*Parámetros!$B$6,0)+IF(ISNUMBER(AC24),AC24*Parámetros!$B$7,0)+IF(ISNUMBER(AD24),AD24*Parámetros!$B$8,0)+IF(ISNUMBER(AE24),AE24*Parámetros!$B$9,0)+IF(ISNUMBER(AF24),AF24*Parámetros!$B$10,0)+IF(ISNUMBER(AG24),AG24*Parámetros!$B$11,0))/(IF(ISNUMBER(X24),Parámetros!$B$2,0)+IF(ISNUMBER(Y24),Parámetros!$B$3,0)+IF(ISNUMBER(Z24),Parámetros!$B$4,0)+IF(ISNUMBER(AA24),Parámetros!$B$5,0)+IF(ISNUMBER(AB24),Parámetros!$B$6,0)+IF(ISNUMBER(AC24),Parámetros!$B$7,0)+IF(ISNUMBER(AD24),Parámetros!$B$8,0)+IF(ISNUMBER(AE24),Parámetros!$B$9,0)+IF(ISNUMBER(AF24),Parámetros!$B$10,0)+IF(ISNUMBER(AG24),Parámetros!$B$11,0))) -> 95.521505 | AJ24: =IF(AND(ISNUMBER(Y24),N(Y24)<60),69.9,IF(OR(AND(ISNUMBER(AE24),N(AE24)<80),AND(ISNUMBER(AC24),N(AC24)<50,N(O24)>=2)),84.9,100)) -> 100 | AK24: =IF(AI24="","",MIN(AI24,AJ24)) -> 95.521505 | AL24: =IF($C24="","",IF(AK24="","Gris — menos de 3 fuentes",IF(AND(AK24<Parámetros!$B$14,N24<>"",N(N24)<Parámetros!$B$15,N(Y24)>=60),"Gris — repetir observación",IF(AK24>=Parámetros!$B$13,"Verde",IF(AK24>=Parámetros!$B$14,"Amarillo","Rojo"))))) -> Verde | AM24: =IF($C24="","",IF(AND(ISNUMBER(Y24),N(Y24)<60),"Ejecución < 60 %: rojo automático",IF(AND(ISNUMBER(AE24),N(AE24)<80),"PIAR < 80 %: máximo amarillo",IF(AND(ISNUMBER(AC24),N(AC24)<50,N(O24)>=2),"Observación < 50: máximo amarillo",IF(AND(N24<>"",N(N24)<Parámetros!$B$15),"κ < 0,60: observación descartada, repetir","")))))
A25: 2028 | B25: 1 | C25: EJEMPLO Docente H | D25: Ciencias 6°–11° | E25: 10 | F25: 9 | G25: 10 | H25: 8 | I25: 6 | J25: 5 | K25: 18 | L25: 2.2 | M25: 4 | N25: 0.77 | O25: 2 | P25: 0.51 | Q25: 22 | T25: 4 | U25: 1 | V25: 4.2 | W25: 22 | X25: =IF(N(E25)>0,MIN(100,F25/E25*100),"") -> 90 | Y25: =IF(N(G25)>0,MIN(100,H25/G25*100),"") -> 80 | Z25: =IF(N(I25)>0,MIN(100,J25/I25*100),"") -> 83.333333 | AA25: =IF(K25="","",K25/24*100) -> 75 | AB25: =IF(L25="","",L25/3*100) -> 73.333333 | AC25: =IF(OR(M25="",AND(N25<>"",N(N25)<Parámetros!$B$15)),"",MAX(0,MIN(100,(M25-1)/4*100))) -> 75 | AD25: =IF(OR(P25="",N(Q25)=0),"",MAX(0,MIN(100,((Q25/(Q25+Parámetros!$B$16))*P25+(Parámetros!$B$16/(Q25+Parámetros!$B$16))*Parámetros!$B$17-0.1)/0.4*100))) -> 86.09375 | AE25: =IF(N(R25)>0,MIN(100,S25/R25*100),"") | AF25: =IF(N(U25)>0,MIN(100,T25/(U25*5)*100),"") -> 80 | AG25: =IF(OR(V25="",N(W25)<10),"",(V25-1)/4*100) -> 80 | AH25: =IF($C25="","",COUNT(X25:AG25)) -> 9 | AI25: =IF(OR($C25="",N(AH25)<Parámetros!$B$18),"",(IF(ISNUMBER(X25),X25*Parámetros!$B$2,0)+IF(ISNUMBER(Y25),Y25*Parámetros!$B$3,0)+IF(ISNUMBER(Z25),Z25*Parámetros!$B$4,0)+IF(ISNUMBER(AA25),AA25*Parámetros!$B$5,0)+IF(ISNUMBER(AB25),AB25*Parámetros!$B$6,0)+IF(ISNUMBER(AC25),AC25*Parámetros!$B$7,0)+IF(ISNUMBER(AD25),AD25*Parámetros!$B$8,0)+IF(ISNUMBER(AE25),AE25*Parámetros!$B$9,0)+IF(ISNUMBER(AF25),AF25*Parámetros!$B$10,0)+IF(ISNUMBER(AG25),AG25*Parámetros!$B$11,0))/(IF(ISNUMBER(X25),Parámetros!$B$2,0)+IF(ISNUMBER(Y25),Parámetros!$B$3,0)+IF(ISNUMBER(Z25),Parámetros!$B$4,0)+IF(ISNUMBER(AA25),Parámetros!$B$5,0)+IF(ISNUMBER(AB25),Parámetros!$B$6,0)+IF(ISNUMBER(AC25),Parámetros!$B$7,0)+IF(ISNUMBER(AD25),Parámetros!$B$8,0)+IF(ISNUMBER(AE25),Parámetros!$B$9,0)+IF(ISNUMBER(AF25),Parámetros!$B$10,0)+IF(ISNUMBER(AG25),Parámetros!$B$11,0))) -> 79.534144 | AJ25: =IF(AND(ISNUMBER(Y25),N(Y25)<60),69.9,IF(OR(AND(ISNUMBER(AE25),N(AE25)<80),AND(ISNUMBER(AC25),N(AC25)<50,N(O25)>=2)),84.9,100)) -> 100 | AK25: =IF(AI25="","",MIN(AI25,AJ25)) -> 79.534144 | AL25: =IF($C25="","",IF(AK25="","Gris — menos de 3 fuentes",IF(AND(AK25<Parámetros!$B$14,N25<>"",N(N25)<Parámetros!$B$15,N(Y25)>=60),"Gris — repetir observación",IF(AK25>=Parámetros!$B$13,"Verde",IF(AK25>=Parámetros!$B$14,"Amarillo","Rojo"))))) -> Amarillo | AM25: =IF($C25="","",IF(AND(ISNUMBER(Y25),N(Y25)<60),"Ejecución < 60 %: rojo automático",IF(AND(ISNUMBER(AE25),N(AE25)<80),"PIAR < 80 %: máximo amarillo",IF(AND(ISNUMBER(AC25),N(AC25)<50,N(O25)>=2),"Observación < 50: máximo amarillo",IF(AND(N25<>"",N(N25)<Parámetros!$B$15),"κ < 0,60: observación descartada, repetir","")))))
X26: =IF(N(E26)>0,MIN(100,F26/E26*100),"") | Y26: =IF(N(G26)>0,MIN(100,H26/G26*100),"") | Z26: =IF(N(I26)>0,MIN(100,J26/I26*100),"") | AA26: =IF(K26="","",K26/24*100) | AB26: =IF(L26="","",L26/3*100) | AC26: =IF(OR(M26="",AND(N26<>"",N(N26)<Parámetros!$B$15)),"",MAX(0,MIN(100,(M26-1)/4*100))) | AD26: =IF(OR(P26="",N(Q26)=0),"",MAX(0,MIN(100,((Q26/(Q26+Parámetros!$B$16))*P26+(Parámetros!$B$16/(Q26+Parámetros!$B$16))*Parámetros!$B$17-0.1)/0.4*100))) | AE26: =IF(N(R26)>0,MIN(100,S26/R26*100),"") | AF26: =IF(N(U26)>0,MIN(100,T26/(U26*5)*100),"") | AG26: =IF(OR(V26="",N(W26)<10),"",(V26-1)/4*100) | AH26: =IF($C26="","",COUNT(X26:AG26)) | AI26: =IF(OR($C26="",N(AH26)<Parámetros!$B$18),"",(IF(ISNUMBER(X26),X26*Parámetros!$B$2,0)+IF(ISNUMBER(Y26),Y26*Parámetros!$B$3,0)+IF(ISNUMBER(Z26),Z26*Parámetros!$B$4,0)+IF(ISNUMBER(AA26),AA26*Parámetros!$B$5,0)+IF(ISNUMBER(AB26),AB26*Parámetros!$B$6,0)+IF(ISNUMBER(AC26),AC26*Parámetros!$B$7,0)+IF(ISNUMBER(AD26),AD26*Parámetros!$B$8,0)+IF(ISNUMBER(AE26),AE26*Parámetros!$B$9,0)+IF(ISNUMBER(AF26),AF26*Parámetros!$B$10,0)+IF(ISNUMBER(AG26),AG26*Parámetros!$B$11,0))/(IF(ISNUMBER(X26),Parámetros!$B$2,0)+IF(ISNUMBER(Y26),Parámetros!$B$3,0)+IF(ISNUMBER(Z26),Parámetros!$B$4,0)+IF(ISNUMBER(AA26),Parámetros!$B$5,0)+IF(ISNUMBER(AB26),Parámetros!$B$6,0)+IF(ISNUMBER(AC26),Parámetros!$B$7,0)+IF(ISNUMBER(AD26),Parámetros!$B$8,0)+IF(ISNUMBER(AE26),Parámetros!$B$9,0)+IF(ISNUMBER(AF26),Parámetros!$B$10,0)+IF(ISNUMBER(AG26),Parámetros!$B$11,0))) | AJ26: =IF(AND(ISNUMBER(Y26),N(Y26)<60),69.9,IF(OR(AND(ISNUMBER(AE26),N(AE26)<80),AND(ISNUMBER(AC26),N(AC26)<50,N(O26)>=2)),84.9,100)) -> 100 | AK26: =IF(AI26="","",MIN(AI26,AJ26)) | AL26: =IF($C26="","",IF(AK26="","Gris — menos de 3 fuentes",IF(AND(AK26<Parámetros!$B$14,N26<>"",N(N26)<Parámetros!$B$15,N(Y26)>=60),"Gris — repetir observación",IF(AK26>=Parámetros!$B$13,"Verde",IF(AK26>=Parámetros!$B$14,"Amarillo","Rojo"))))) | AM26: =IF($C26="","",IF(AND(ISNUMBER(Y26),N(Y26)<60),"Ejecución < 60 %: rojo automático",IF(AND(ISNUMBER(AE26),N(AE26)<80),"PIAR < 80 %: máximo amarillo",IF(AND(ISNUMBER(AC26),N(AC26)<50,N(O26)>=2),"Observación < 50: máximo amarillo",IF(AND(N26<>"",N(N26)<Parámetros!$B$15),"κ < 0,60: observación descartada, repetir","")))))
X27: =IF(N(E27)>0,MIN(100,F27/E27*100),"") | Y27: =IF(N(G27)>0,MIN(100,H27/G27*100),"") | Z27: =IF(N(I27)>0,MIN(100,J27/I27*100),"") | AA27: =IF(K27="","",K27/24*100) | AB27: =IF(L27="","",L27/3*100) | AC27: =IF(OR(M27="",AND(N27<>"",N(N27)<Parámetros!$B$15)),"",MAX(0,MIN(100,(M27-1)/4*100))) | AD27: =IF(OR(P27="",N(Q27)=0),"",MAX(0,MIN(100,((Q27/(Q27+Parámetros!$B$16))*P27+(Parámetros!$B$16/(Q27+Parámetros!$B$16))*Parámetros!$B$17-0.1)/0.4*100))) | AE27: =IF(N(R27)>0,MIN(100,S27/R27*100),"") | AF27: =IF(N(U27)>0,MIN(100,T27/(U27*5)*100),"") | AG27: =IF(OR(V27="",N(W27)<10),"",(V27-1)/4*100) | AH27: =IF($C27="","",COUNT(X27:AG27)) | AI27: =IF(OR($C27="",N(AH27)<Parámetros!$B$18),"",(IF(ISNUMBER(X27),X27*Parámetros!$B$2,0)+IF(ISNUMBER(Y27),Y27*Parámetros!$B$3,0)+IF(ISNUMBER(Z27),Z27*Parámetros!$B$4,0)+IF(ISNUMBER(AA27),AA27*Parámetros!$B$5,0)+IF(ISNUMBER(AB27),AB27*Parámetros!$B$6,0)+IF(ISNUMBER(AC27),AC27*Parámetros!$B$7,0)+IF(ISNUMBER(AD27),AD27*Parámetros!$B$8,0)+IF(ISNUMBER(AE27),AE27*Parámetros!$B$9,0)+IF(ISNUMBER(AF27),AF27*Parámetros!$B$10,0)+IF(ISNUMBER(AG27),AG27*Parámetros!$B$11,0))/(IF(ISNUMBER(X27),Parámetros!$B$2,0)+IF(ISNUMBER(Y27),Parámetros!$B$3,0)+IF(ISNUMBER(Z27),Parámetros!$B$4,0)+IF(ISNUMBER(AA27),Parámetros!$B$5,0)+IF(ISNUMBER(AB27),Parámetros!$B$6,0)+IF(ISNUMBER(AC27),Parámetros!$B$7,0)+IF(ISNUMBER(AD27),Parámetros!$B$8,0)+IF(ISNUMBER(AE27),Parámetros!$B$9,0)+IF(ISNUMBER(AF27),Parámetros!$B$10,0)+IF(ISNUMBER(AG27),Parámetros!$B$11,0))) | AJ27: =IF(AND(ISNUMBER(Y27),N(Y27)<60),69.9,IF(OR(AND(ISNUMBER(AE27),N(AE27)<80),AND(ISNUMBER(AC27),N(AC27)<50,N(O27)>=2)),84.9,100)) -> 100 | AK27: =IF(AI27="","",MIN(AI27,AJ27)) | AL27: =IF($C27="","",IF(AK27="","Gris — menos de 3 fuentes",IF(AND(AK27<Parámetros!$B$14,N27<>"",N(N27)<Parámetros!$B$15,N(Y27)>=60),"Gris — repetir observación",IF(AK27>=Parámetros!$B$13,"Verde",IF(AK27>=Parámetros!$B$14,"Amarillo","Rojo"))))) | AM27: =IF($C27="","",IF(AND(ISNUMBER(Y27),N(Y27)<60),"Ejecución < 60 %: rojo automático",IF(AND(ISNUMBER(AE27),N(AE27)<80),"PIAR < 80 %: máximo amarillo",IF(AND(ISNUMBER(AC27),N(AC27)<50,N(O27)>=2),"Observación < 50: máximo amarillo",IF(AND(N27<>"",N(N27)<Parámetros!$B$15),"κ < 0,60: observación descartada, repetir","")))))
X28: =IF(N(E28)>0,MIN(100,F28/E28*100),"") | Y28: =IF(N(G28)>0,MIN(100,H28/G28*100),"") | Z28: =IF(N(I28)>0,MIN(100,J28/I28*100),"") | AA28: =IF(K28="","",K28/24*100) | AB28: =IF(L28="","",L28/3*100) | AC28: =IF(OR(M28="",AND(N28<>"",N(N28)<Parámetros!$B$15)),"",MAX(0,MIN(100,(M28-1)/4*100))) | AD28: =IF(OR(P28="",N(Q28)=0),"",MAX(0,MIN(100,((Q28/(Q28+Parámetros!$B$16))*P28+(Parámetros!$B$16/(Q28+Parámetros!$B$16))*Parámetros!$B$17-0.1)/0.4*100))) | AE28: =IF(N(R28)>0,MIN(100,S28/R28*100),"") | AF28: =IF(N(U28)>0,MIN(100,T28/(U28*5)*100),"") | AG28: =IF(OR(V28="",N(W28)<10),"",(V28-1)/4*100) | AH28: =IF($C28="","",COUNT(X28:AG28)) | AI28: =IF(OR($C28="",N(AH28)<Parámetros!$B$18),"",(IF(ISNUMBER(X28),X28*Parámetros!$B$2,0)+IF(ISNUMBER(Y28),Y28*Parámetros!$B$3,0)+IF(ISNUMBER(Z28),Z28*Parámetros!$B$4,0)+IF(ISNUMBER(AA28),AA28*Parámetros!$B$5,0)+IF(ISNUMBER(AB28),AB28*Parámetros!$B$6,0)+IF(ISNUMBER(AC28),AC28*Parámetros!$B$7,0)+IF(ISNUMBER(AD28),AD28*Parámetros!$B$8,0)+IF(ISNUMBER(AE28),AE28*Parámetros!$B$9,0)+IF(ISNUMBER(AF28),AF28*Parámetros!$B$10,0)+IF(ISNUMBER(AG28),AG28*Parámetros!$B$11,0))/(IF(ISNUMBER(X28),Parámetros!$B$2,0)+IF(ISNUMBER(Y28),Parámetros!$B$3,0)+IF(ISNUMBER(Z28),Parámetros!$B$4,0)+IF(ISNUMBER(AA28),Parámetros!$B$5,0)+IF(ISNUMBER(AB28),Parámetros!$B$6,0)+IF(ISNUMBER(AC28),Parámetros!$B$7,0)+IF(ISNUMBER(AD28),Parámetros!$B$8,0)+IF(ISNUMBER(AE28),Parámetros!$B$9,0)+IF(ISNUMBER(AF28),Parámetros!$B$10,0)+IF(ISNUMBER(AG28),Parámetros!$B$11,0))) | AJ28: =IF(AND(ISNUMBER(Y28),N(Y28)<60),69.9,IF(OR(AND(ISNUMBER(AE28),N(AE28)<80),AND(ISNUMBER(AC28),N(AC28)<50,N(O28)>=2)),84.9,100)) -> 100 | AK28: =IF(AI28="","",MIN(AI28,AJ28)) | AL28: =IF($C28="","",IF(AK28="","Gris — menos de 3 fuentes",IF(AND(AK28<Parámetros!$B$14,N28<>"",N(N28)<Parámetros!$B$15,N(Y28)>=60),"Gris — repetir observación",IF(AK28>=Parámetros!$B$13,"Verde",IF(AK28>=Parámetros!$B$14,"Amarillo","Rojo"))))) | AM28: =IF($C28="","",IF(AND(ISNUMBER(Y28),N(Y28)<60),"Ejecución < 60 %: rojo automático",IF(AND(ISNUMBER(AE28),N(AE28)<80),"PIAR < 80 %: máximo amarillo",IF(AND(ISNUMBER(AC28),N(AC28)<50,N(O28)>=2),"Observación < 50: máximo amarillo",IF(AND(N28<>"",N(N28)<Parámetros!$B$15),"κ < 0,60: observación descartada, repetir","")))))
X29: =IF(N(E29)>0,MIN(100,F29/E29*100),"") | Y29: =IF(N(G29)>0,MIN(100,H29/G29*100),"") | Z29: =IF(N(I29)>0,MIN(100,J29/I29*100),"") | AA29: =IF(K29="","",K29/24*100) | AB29: =IF(L29="","",L29/3*100) | AC29: =IF(OR(M29="",AND(N29<>"",N(N29)<Parámetros!$B$15)),"",MAX(0,MIN(100,(M29-1)/4*100))) | AD29: =IF(OR(P29="",N(Q29)=0),"",MAX(0,MIN(100,((Q29/(Q29+Parámetros!$B$16))*P29+(Parámetros!$B$16/(Q29+Parámetros!$B$16))*Parámetros!$B$17-0.1)/0.4*100))) | AE29: =IF(N(R29)>0,MIN(100,S29/R29*100),"") | AF29: =IF(N(U29)>0,MIN(100,T29/(U29*5)*100),"") | AG29: =IF(OR(V29="",N(W29)<10),"",(V29-1)/4*100) | AH29: =IF($C29="","",COUNT(X29:AG29)) | AI29: =IF(OR($C29="",N(AH29)<Parámetros!$B$18),"",(IF(ISNUMBER(X29),X29*Parámetros!$B$2,0)+IF(ISNUMBER(Y29),Y29*Parámetros!$B$3,0)+IF(ISNUMBER(Z29),Z29*Parámetros!$B$4,0)+IF(ISNUMBER(AA29),AA29*Parámetros!$B$5,0)+IF(ISNUMBER(AB29),AB29*Parámetros!$B$6,0)+IF(ISNUMBER(AC29),AC29*Parámetros!$B$7,0)+IF(ISNUMBER(AD29),AD29*Parámetros!$B$8,0)+IF(ISNUMBER(AE29),AE29*Parámetros!$B$9,0)+IF(ISNUMBER(AF29),AF29*Parámetros!$B$10,0)+IF(ISNUMBER(AG29),AG29*Parámetros!$B$11,0))/(IF(ISNUMBER(X29),Parámetros!$B$2,0)+IF(ISNUMBER(Y29),Parámetros!$B$3,0)+IF(ISNUMBER(Z29),Parámetros!$B$4,0)+IF(ISNUMBER(AA29),Parámetros!$B$5,0)+IF(ISNUMBER(AB29),Parámetros!$B$6,0)+IF(ISNUMBER(AC29),Parámetros!$B$7,0)+IF(ISNUMBER(AD29),Parámetros!$B$8,0)+IF(ISNUMBER(AE29),Parámetros!$B$9,0)+IF(ISNUMBER(AF29),Parámetros!$B$10,0)+IF(ISNUMBER(AG29),Parámetros!$B$11,0))) | AJ29: =IF(AND(ISNUMBER(Y29),N(Y29)<60),69.9,IF(OR(AND(ISNUMBER(AE29),N(AE29)<80),AND(ISNUMBER(AC29),N(AC29)<50,N(O29)>=2)),84.9,100)) -> 100 | AK29: =IF(AI29="","",MIN(AI29,AJ29)) | AL29: =IF($C29="","",IF(AK29="","Gris — menos de 3 fuentes",IF(AND(AK29<Parámetros!$B$14,N29<>"",N(N29)<Parámetros!$B$15,N(Y29)>=60),"Gris — repetir observación",IF(AK29>=Parámetros!$B$13,"Verde",IF(AK29>=Parámetros!$B$14,"Amarillo","Rojo"))))) | AM29: =IF($C29="","",IF(AND(ISNUMBER(Y29),N(Y29)<60),"Ejecución < 60 %: rojo automático",IF(AND(ISNUMBER(AE29),N(AE29)<80),"PIAR < 80 %: máximo amarillo",IF(AND(ISNUMBER(AC29),N(AC29)<50,N(O29)>=2),"Observación < 50: máximo amarillo",IF(AND(N29<>"",N(N29)<Parámetros!$B$15),"κ < 0,60: observación descartada, repetir","")))))
X30: =IF(N(E30)>0,MIN(100,F30/E30*100),"") | Y30: =IF(N(G30)>0,MIN(100,H30/G30*100),"") | Z30: =IF(N(I30)>0,MIN(100,J30/I30*100),"") | AA30: =IF(K30="","",K30/24*100) | AB30: =IF(L30="","",L30/3*100) | AC30: =IF(OR(M30="",AND(N30<>"",N(N30)<Parámetros!$B$15)),"",MAX(0,MIN(100,(M30-1)/4*100))) | AD30: =IF(OR(P30="",N(Q30)=0),"",MAX(0,MIN(100,((Q30/(Q30+Parámetros!$B$16))*P30+(Parámetros!$B$16/(Q30+Parámetros!$B$16))*Parámetros!$B$17-0.1)/0.4*100))) | AE30: =IF(N(R30)>0,MIN(100,S30/R30*100),"") | AF30: =IF(N(U30)>0,MIN(100,T30/(U30*5)*100),"") | AG30: =IF(OR(V30="",N(W30)<10),"",(V30-1)/4*100) | AH30: =IF($C30="","",COUNT(X30:AG30)) | AI30: =IF(OR($C30="",N(AH30)<Parámetros!$B$18),"",(IF(ISNUMBER(X30),X30*Parámetros!$B$2,0)+IF(ISNUMBER(Y30),Y30*Parámetros!$B$3,0)+IF(ISNUMBER(Z30),Z30*Parámetros!$B$4,0)+IF(ISNUMBER(AA30),AA30*Parámetros!$B$5,0)+IF(ISNUMBER(AB30),AB30*Parámetros!$B$6,0)+IF(ISNUMBER(AC30),AC30*Parámetros!$B$7,0)+IF(ISNUMBER(AD30),AD30*Parámetros!$B$8,0)+IF(ISNUMBER(AE30),AE30*Parámetros!$B$9,0)+IF(ISNUMBER(AF30),AF30*Parámetros!$B$10,0)+IF(ISNUMBER(AG30),AG30*Parámetros!$B$11,0))/(IF(ISNUMBER(X30),Parámetros!$B$2,0)+IF(ISNUMBER(Y30),Parámetros!$B$3,0)+IF(ISNUMBER(Z30),Parámetros!$B$4,0)+IF(ISNUMBER(AA30),Parámetros!$B$5,0)+IF(ISNUMBER(AB30),Parámetros!$B$6,0)+IF(ISNUMBER(AC30),Parámetros!$B$7,0)+IF(ISNUMBER(AD30),Parámetros!$B$8,0)+IF(ISNUMBER(AE30),Parámetros!$B$9,0)+IF(ISNUMBER(AF30),Parámetros!$B$10,0)+IF(ISNUMBER(AG30),Parámetros!$B$11,0))) | AJ30: =IF(AND(ISNUMBER(Y30),N(Y30)<60),69.9,IF(OR(AND(ISNUMBER(AE30),N(AE30)<80),AND(ISNUMBER(AC30),N(AC30)<50,N(O30)>=2)),84.9,100)) -> 100 | AK30: =IF(AI30="","",MIN(AI30,AJ30)) | AL30: =IF($C30="","",IF(AK30="","Gris — menos de 3 fuentes",IF(AND(AK30<Parámetros!$B$14,N30<>"",N(N30)<Parámetros!$B$15,N(Y30)>=60),"Gris — repetir observación",IF(AK30>=Parámetros!$B$13,"Verde",IF(AK30>=Parámetros!$B$14,"Amarillo","Rojo"))))) | AM30: =IF($C30="","",IF(AND(ISNUMBER(Y30),N(Y30)<60),"Ejecución < 60 %: rojo automático",IF(AND(ISNUMBER(AE30),N(AE30)<80),"PIAR < 80 %: máximo amarillo",IF(AND(ISNUMBER(AC30),N(AC30)<50,N(O30)>=2),"Observación < 50: máximo amarillo",IF(AND(N30<>"",N(N30)<Parámetros!$B$15),"κ < 0,60: observación descartada, repetir","")))))
X31: =IF(N(E31)>0,MIN(100,F31/E31*100),"") | Y31: =IF(N(G31)>0,MIN(100,H31/G31*100),"") | Z31: =IF(N(I31)>0,MIN(100,J31/I31*100),"") | AA31: =IF(K31="","",K31/24*100) | AB31: =IF(L31="","",L31/3*100) | AC31: =IF(OR(M31="",AND(N31<>"",N(N31)<Parámetros!$B$15)),"",MAX(0,MIN(100,(M31-1)/4*100))) | AD31: =IF(OR(P31="",N(Q31)=0),"",MAX(0,MIN(100,((Q31/(Q31+Parámetros!$B$16))*P31+(Parámetros!$B$16/(Q31+Parámetros!$B$16))*Parámetros!$B$17-0.1)/0.4*100))) | AE31: =IF(N(R31)>0,MIN(100,S31/R31*100),"") | AF31: =IF(N(U31)>0,MIN(100,T31/(U31*5)*100),"") | AG31: =IF(OR(V31="",N(W31)<10),"",(V31-1)/4*100) | AH31: =IF($C31="","",COUNT(X31:AG31)) | AI31: =IF(OR($C31="",N(AH31)<Parámetros!$B$18),"",(IF(ISNUMBER(X31),X31*Parámetros!$B$2,0)+IF(ISNUMBER(Y31),Y31*Parámetros!$B$3,0)+IF(ISNUMBER(Z31),Z31*Parámetros!$B$4,0)+IF(ISNUMBER(AA31),AA31*Parámetros!$B$5,0)+IF(ISNUMBER(AB31),AB31*Parámetros!$B$6,0)+IF(ISNUMBER(AC31),AC31*Parámetros!$B$7,0)+IF(ISNUMBER(AD31),AD31*Parámetros!$B$8,0)+IF(ISNUMBER(AE31),AE31*Parámetros!$B$9,0)+IF(ISNUMBER(AF31),AF31*Parámetros!$B$10,0)+IF(ISNUMBER(AG31),AG31*Parámetros!$B$11,0))/(IF(ISNUMBER(X31),Parámetros!$B$2,0)+IF(ISNUMBER(Y31),Parámetros!$B$3,0)+IF(ISNUMBER(Z31),Parámetros!$B$4,0)+IF(ISNUMBER(AA31),Parámetros!$B$5,0)+IF(ISNUMBER(AB31),Parámetros!$B$6,0)+IF(ISNUMBER(AC31),Parámetros!$B$7,0)+IF(ISNUMBER(AD31),Parámetros!$B$8,0)+IF(ISNUMBER(AE31),Parámetros!$B$9,0)+IF(ISNUMBER(AF31),Parámetros!$B$10,0)+IF(ISNUMBER(AG31),Parámetros!$B$11,0))) | AJ31: =IF(AND(ISNUMBER(Y31),N(Y31)<60),69.9,IF(OR(AND(ISNUMBER(AE31),N(AE31)<80),AND(ISNUMBER(AC31),N(AC31)<50,N(O31)>=2)),84.9,100)) -> 100 | AK31: =IF(AI31="","",MIN(AI31,AJ31)) | AL31: =IF($C31="","",IF(AK31="","Gris — menos de 3 fuentes",IF(AND(AK31<Parámetros!$B$14,N31<>"",N(N31)<Parámetros!$B$15,N(Y31)>=60),"Gris — repetir observación",IF(AK31>=Parámetros!$B$13,"Verde",IF(AK31>=Parámetros!$B$14,"Amarillo","Rojo"))))) | AM31: =IF($C31="","",IF(AND(ISNUMBER(Y31),N(Y31)<60),"Ejecución < 60 %: rojo automático",IF(AND(ISNUMBER(AE31),N(AE31)<80),"PIAR < 80 %: máximo amarillo",IF(AND(ISNUMBER(AC31),N(AC31)<50,N(O31)>=2),"Observación < 50: máximo amarillo",IF(AND(N31<>"",N(N31)<Parámetros!$B$15),"κ < 0,60: observación descartada, repetir","")))))
X32: =IF(N(E32)>0,MIN(100,F32/E32*100),"") | Y32: =IF(N(G32)>0,MIN(100,H32/G32*100),"") | Z32: =IF(N(I32)>0,MIN(100,J32/I32*100),"") | AA32: =IF(K32="","",K32/24*100) | AB32: =IF(L32="","",L32/3*100) | AC32: =IF(OR(M32="",AND(N32<>"",N(N32)<Parámetros!$B$15)),"",MAX(0,MIN(100,(M32-1)/4*100))) | AD32: =IF(OR(P32="",N(Q32)=0),"",MAX(0,MIN(100,((Q32/(Q32+Parámetros!$B$16))*P32+(Parámetros!$B$16/(Q32+Parámetros!$B$16))*Parámetros!$B$17-0.1)/0.4*100))) | AE32: =IF(N(R32)>0,MIN(100,S32/R32*100),"") | AF32: =IF(N(U32)>0,MIN(100,T32/(U32*5)*100),"") | AG32: =IF(OR(V32="",N(W32)<10),"",(V32-1)/4*100) | AH32: =IF($C32="","",COUNT(X32:AG32)) | AI32: =IF(OR($C32="",N(AH32)<Parámetros!$B$18),"",(IF(ISNUMBER(X32),X32*Parámetros!$B$2,0)+IF(ISNUMBER(Y32),Y32*Parámetros!$B$3,0)+IF(ISNUMBER(Z32),Z32*Parámetros!$B$4,0)+IF(ISNUMBER(AA32),AA32*Parámetros!$B$5,0)+IF(ISNUMBER(AB32),AB32*Parámetros!$B$6,0)+IF(ISNUMBER(AC32),AC32*Parámetros!$B$7,0)+IF(ISNUMBER(AD32),AD32*Parámetros!$B$8,0)+IF(ISNUMBER(AE32),AE32*Parámetros!$B$9,0)+IF(ISNUMBER(AF32),AF32*Parámetros!$B$10,0)+IF(ISNUMBER(AG32),AG32*Parámetros!$B$11,0))/(IF(ISNUMBER(X32),Parámetros!$B$2,0)+IF(ISNUMBER(Y32),Parámetros!$B$3,0)+IF(ISNUMBER(Z32),Parámetros!$B$4,0)+IF(ISNUMBER(AA32),Parámetros!$B$5,0)+IF(ISNUMBER(AB32),Parámetros!$B$6,0)+IF(ISNUMBER(AC32),Parámetros!$B$7,0)+IF(ISNUMBER(AD32),Parámetros!$B$8,0)+IF(ISNUMBER(AE32),Parámetros!$B$9,0)+IF(ISNUMBER(AF32),Parámetros!$B$10,0)+IF(ISNUMBER(AG32),Parámetros!$B$11,0))) | AJ32: =IF(AND(ISNUMBER(Y32),N(Y32)<60),69.9,IF(OR(AND(ISNUMBER(AE32),N(AE32)<80),AND(ISNUMBER(AC32),N(AC32)<50,N(O32)>=2)),84.9,100)) -> 100 | AK32: =IF(AI32="","",MIN(AI32,AJ32)) | AL32: =IF($C32="","",IF(AK32="","Gris — menos de 3 fuentes",IF(AND(AK32<Parámetros!$B$14,N32<>"",N(N32)<Parámetros!$B$15,N(Y32)>=60),"Gris — repetir observación",IF(AK32>=Parámetros!$B$13,"Verde",IF(AK32>=Parámetros!$B$14,"Amarillo","Rojo"))))) | AM32: =IF($C32="","",IF(AND(ISNUMBER(Y32),N(Y32)<60),"Ejecución < 60 %: rojo automático",IF(AND(ISNUMBER(AE32),N(AE32)<80),"PIAR < 80 %: máximo amarillo",IF(AND(ISNUMBER(AC32),N(AC32)<50,N(O32)>=2),"Observación < 50: máximo amarillo",IF(AND(N32<>"",N(N32)<Parámetros!$B$15),"κ < 0,60: observación descartada, repetir","")))))
X33: =IF(N(E33)>0,MIN(100,F33/E33*100),"") | Y33: =IF(N(G33)>0,MIN(100,H33/G33*100),"") | Z33: =IF(N(I33)>0,MIN(100,J33/I33*100),"") | AA33: =IF(K33="","",K33/24*100) | AB33: =IF(L33="","",L33/3*100) | AC33: =IF(OR(M33="",AND(N33<>"",N(N33)<Parámetros!$B$15)),"",MAX(0,MIN(100,(M33-1)/4*100))) | AD33: =IF(OR(P33="",N(Q33)=0),"",MAX(0,MIN(100,((Q33/(Q33+Parámetros!$B$16))*P33+(Parámetros!$B$16/(Q33+Parámetros!$B$16))*Parámetros!$B$17-0.1)/0.4*100))) | AE33: =IF(N(R33)>0,MIN(100,S33/R33*100),"") | AF33: =IF(N(U33)>0,MIN(100,T33/(U33*5)*100),"") | AG33: =IF(OR(V33="",N(W33)<10),"",(V33-1)/4*100) | AH33: =IF($C33="","",COUNT(X33:AG33)) | AI33: =IF(OR($C33="",N(AH33)<Parámetros!$B$18),"",(IF(ISNUMBER(X33),X33*Parámetros!$B$2,0)+IF(ISNUMBER(Y33),Y33*Parámetros!$B$3,0)+IF(ISNUMBER(Z33),Z33*Parámetros!$B$4,0)+IF(ISNUMBER(AA33),AA33*Parámetros!$B$5,0)+IF(ISNUMBER(AB33),AB33*Parámetros!$B$6,0)+IF(ISNUMBER(AC33),AC33*Parámetros!$B$7,0)+IF(ISNUMBER(AD33),AD33*Parámetros!$B$8,0)+IF(ISNUMBER(AE33),AE33*Parámetros!$B$9,0)+IF(ISNUMBER(AF33),AF33*Parámetros!$B$10,0)+IF(ISNUMBER(AG33),AG33*Parámetros!$B$11,0))/(IF(ISNUMBER(X33),Parámetros!$B$2,0)+IF(ISNUMBER(Y33),Parámetros!$B$3,0)+IF(ISNUMBER(Z33),Parámetros!$B$4,0)+IF(ISNUMBER(AA33),Parámetros!$B$5,0)+IF(ISNUMBER(AB33),Parámetros!$B$6,0)+IF(ISNUMBER(AC33),Parámetros!$B$7,0)+IF(ISNUMBER(AD33),Parámetros!$B$8,0)+IF(ISNUMBER(AE33),Parámetros!$B$9,0)+IF(ISNUMBER(AF33),Parámetros!$B$10,0)+IF(ISNUMBER(AG33),Parámetros!$B$11,0))) | AJ33: =IF(AND(ISNUMBER(Y33),N(Y33)<60),69.9,IF(OR(AND(ISNUMBER(AE33),N(AE33)<80),AND(ISNUMBER(AC33),N(AC33)<50,N(O33)>=2)),84.9,100)) -> 100 | AK33: =IF(AI33="","",MIN(AI33,AJ33)) | AL33: =IF($C33="","",IF(AK33="","Gris — menos de 3 fuentes",IF(AND(AK33<Parámetros!$B$14,N33<>"",N(N33)<Parámetros!$B$15,N(Y33)>=60),"Gris — repetir observación",IF(AK33>=Parámetros!$B$13,"Verde",IF(AK33>=Parámetros!$B$14,"Amarillo","Rojo"))))) | AM33: =IF($C33="","",IF(AND(ISNUMBER(Y33),N(Y33)<60),"Ejecución < 60 %: rojo automático",IF(AND(ISNUMBER(AE33),N(AE33)<80),"PIAR < 80 %: máximo amarillo",IF(AND(ISNUMBER(AC33),N(AC33)<50,N(O33)>=2),"Observación < 50: máximo amarillo",IF(AND(N33<>"",N(N33)<Parámetros!$B$15),"κ < 0,60: observación descartada, repetir","")))))
X34: =IF(N(E34)>0,MIN(100,F34/E34*100),"") | Y34: =IF(N(G34)>0,MIN(100,H34/G34*100),"") | Z34: =IF(N(I34)>0,MIN(100,J34/I34*100),"") | AA34: =IF(K34="","",K34/24*100) | AB34: =IF(L34="","",L34/3*100) | AC34: =IF(OR(M34="",AND(N34<>"",N(N34)<Parámetros!$B$15)),"",MAX(0,MIN(100,(M34-1)/4*100))) | AD34: =IF(OR(P34="",N(Q34)=0),"",MAX(0,MIN(100,((Q34/(Q34+Parámetros!$B$16))*P34+(Parámetros!$B$16/(Q34+Parámetros!$B$16))*Parámetros!$B$17-0.1)/0.4*100))) | AE34: =IF(N(R34)>0,MIN(100,S34/R34*100),"") | AF34: =IF(N(U34)>0,MIN(100,T34/(U34*5)*100),"") | AG34: =IF(OR(V34="",N(W34)<10),"",(V34-1)/4*100) | AH34: =IF($C34="","",COUNT(X34:AG34)) | AI34: =IF(OR($C34="",N(AH34)<Parámetros!$B$18),"",(IF(ISNUMBER(X34),X34*Parámetros!$B$2,0)+IF(ISNUMBER(Y34),Y34*Parámetros!$B$3,0)+IF(ISNUMBER(Z34),Z34*Parámetros!$B$4,0)+IF(ISNUMBER(AA34),AA34*Parámetros!$B$5,0)+IF(ISNUMBER(AB34),AB34*Parámetros!$B$6,0)+IF(ISNUMBER(AC34),AC34*Parámetros!$B$7,0)+IF(ISNUMBER(AD34),AD34*Parámetros!$B$8,0)+IF(ISNUMBER(AE34),AE34*Parámetros!$B$9,0)+IF(ISNUMBER(AF34),AF34*Parámetros!$B$10,0)+IF(ISNUMBER(AG34),AG34*Parámetros!$B$11,0))/(IF(ISNUMBER(X34),Parámetros!$B$2,0)+IF(ISNUMBER(Y34),Parámetros!$B$3,0)+IF(ISNUMBER(Z34),Parámetros!$B$4,0)+IF(ISNUMBER(AA34),Parámetros!$B$5,0)+IF(ISNUMBER(AB34),Parámetros!$B$6,0)+IF(ISNUMBER(AC34),Parámetros!$B$7,0)+IF(ISNUMBER(AD34),Parámetros!$B$8,0)+IF(ISNUMBER(AE34),Parámetros!$B$9,0)+IF(ISNUMBER(AF34),Parámetros!$B$10,0)+IF(ISNUMBER(AG34),Parámetros!$B$11,0))) | AJ34: =IF(AND(ISNUMBER(Y34),N(Y34)<60),69.9,IF(OR(AND(ISNUMBER(AE34),N(AE34)<80),AND(ISNUMBER(AC34),N(AC34)<50,N(O34)>=2)),84.9,100)) -> 100 | AK34: =IF(AI34="","",MIN(AI34,AJ34)) | AL34: =IF($C34="","",IF(AK34="","Gris — menos de 3 fuentes",IF(AND(AK34<Parámetros!$B$14,N34<>"",N(N34)<Parámetros!$B$15,N(Y34)>=60),"Gris — repetir observación",IF(AK34>=Parámetros!$B$13,"Verde",IF(AK34>=Parámetros!$B$14,"Amarillo","Rojo"))))) | AM34: =IF($C34="","",IF(AND(ISNUMBER(Y34),N(Y34)<60),"Ejecución < 60 %: rojo automático",IF(AND(ISNUMBER(AE34),N(AE34)<80),"PIAR < 80 %: máximo amarillo",IF(AND(ISNUMBER(AC34),N(AC34)<50,N(O34)>=2),"Observación < 50: máximo amarillo",IF(AND(N34<>"",N(N34)<Parámetros!$B$15),"κ < 0,60: observación descartada, repetir","")))))
X35: =IF(N(E35)>0,MIN(100,F35/E35*100),"") | Y35: =IF(N(G35)>0,MIN(100,H35/G35*100),"") | Z35: =IF(N(I35)>0,MIN(100,J35/I35*100),"") | AA35: =IF(K35="","",K35/24*100) | AB35: =IF(L35="","",L35/3*100) | AC35: =IF(OR(M35="",AND(N35<>"",N(N35)<Parámetros!$B$15)),"",MAX(0,MIN(100,(M35-1)/4*100))) | AD35: =IF(OR(P35="",N(Q35)=0),"",MAX(0,MIN(100,((Q35/(Q35+Parámetros!$B$16))*P35+(Parámetros!$B$16/(Q35+Parámetros!$B$16))*Parámetros!$B$17-0.1)/0.4*100))) | AE35: =IF(N(R35)>0,MIN(100,S35/R35*100),"") | AF35: =IF(N(U35)>0,MIN(100,T35/(U35*5)*100),"") | AG35: =IF(OR(V35="",N(W35)<10),"",(V35-1)/4*100) | AH35: =IF($C35="","",COUNT(X35:AG35)) | AI35: =IF(OR($C35="",N(AH35)<Parámetros!$B$18),"",(IF(ISNUMBER(X35),X35*Parámetros!$B$2,0)+IF(ISNUMBER(Y35),Y35*Parámetros!$B$3,0)+IF(ISNUMBER(Z35),Z35*Parámetros!$B$4,0)+IF(ISNUMBER(AA35),AA35*Parámetros!$B$5,0)+IF(ISNUMBER(AB35),AB35*Parámetros!$B$6,0)+IF(ISNUMBER(AC35),AC35*Parámetros!$B$7,0)+IF(ISNUMBER(AD35),AD35*Parámetros!$B$8,0)+IF(ISNUMBER(AE35),AE35*Parámetros!$B$9,0)+IF(ISNUMBER(AF35),AF35*Parámetros!$B$10,0)+IF(ISNUMBER(AG35),AG35*Parámetros!$B$11,0))/(IF(ISNUMBER(X35),Parámetros!$B$2,0)+IF(ISNUMBER(Y35),Parámetros!$B$3,0)+IF(ISNUMBER(Z35),Parámetros!$B$4,0)+IF(ISNUMBER(AA35),Parámetros!$B$5,0)+IF(ISNUMBER(AB35),Parámetros!$B$6,0)+IF(ISNUMBER(AC35),Parámetros!$B$7,0)+IF(ISNUMBER(AD35),Parámetros!$B$8,0)+IF(ISNUMBER(AE35),Parámetros!$B$9,0)+IF(ISNUMBER(AF35),Parámetros!$B$10,0)+IF(ISNUMBER(AG35),Parámetros!$B$11,0))) | AJ35: =IF(AND(ISNUMBER(Y35),N(Y35)<60),69.9,IF(OR(AND(ISNUMBER(AE35),N(AE35)<80),AND(ISNUMBER(AC35),N(AC35)<50,N(O35)>=2)),84.9,100)) -> 100 | AK35: =IF(AI35="","",MIN(AI35,AJ35)) | AL35: =IF($C35="","",IF(AK35="","Gris — menos de 3 fuentes",IF(AND(AK35<Parámetros!$B$14,N35<>"",N(N35)<Parámetros!$B$15,N(Y35)>=60),"Gris — repetir observación",IF(AK35>=Parámetros!$B$13,"Verde",IF(AK35>=Parámetros!$B$14,"Amarillo","Rojo"))))) | AM35: =IF($C35="","",IF(AND(ISNUMBER(Y35),N(Y35)<60),"Ejecución < 60 %: rojo automático",IF(AND(ISNUMBER(AE35),N(AE35)<80),"PIAR < 80 %: máximo amarillo",IF(AND(ISNUMBER(AC35),N(AC35)<50,N(O35)>=2),"Observación < 50: máximo amarillo",IF(AND(N35<>"",N(N35)<Parámetros!$B$15),"κ < 0,60: observación descartada, repetir","")))))
X36: =IF(N(E36)>0,MIN(100,F36/E36*100),"") | Y36: =IF(N(G36)>0,MIN(100,H36/G36*100),"") | Z36: =IF(N(I36)>0,MIN(100,J36/I36*100),"") | AA36: =IF(K36="","",K36/24*100) | AB36: =IF(L36="","",L36/3*100) | AC36: =IF(OR(M36="",AND(N36<>"",N(N36)<Parámetros!$B$15)),"",MAX(0,MIN(100,(M36-1)/4*100))) | AD36: =IF(OR(P36="",N(Q36)=0),"",MAX(0,MIN(100,((Q36/(Q36+Parámetros!$B$16))*P36+(Parámetros!$B$16/(Q36+Parámetros!$B$16))*Parámetros!$B$17-0.1)/0.4*100))) | AE36: =IF(N(R36)>0,MIN(100,S36/R36*100),"") | AF36: =IF(N(U36)>0,MIN(100,T36/(U36*5)*100),"") | AG36: =IF(OR(V36="",N(W36)<10),"",(V36-1)/4*100) | AH36: =IF($C36="","",COUNT(X36:AG36)) | AI36: =IF(OR($C36="",N(AH36)<Parámetros!$B$18),"",(IF(ISNUMBER(X36),X36*Parámetros!$B$2,0)+IF(ISNUMBER(Y36),Y36*Parámetros!$B$3,0)+IF(ISNUMBER(Z36),Z36*Parámetros!$B$4,0)+IF(ISNUMBER(AA36),AA36*Parámetros!$B$5,0)+IF(ISNUMBER(AB36),AB36*Parámetros!$B$6,0)+IF(ISNUMBER(AC36),AC36*Parámetros!$B$7,0)+IF(ISNUMBER(AD36),AD36*Parámetros!$B$8,0)+IF(ISNUMBER(AE36),AE36*Parámetros!$B$9,0)+IF(ISNUMBER(AF36),AF36*Parámetros!$B$10,0)+IF(ISNUMBER(AG36),AG36*Parámetros!$B$11,0))/(IF(ISNUMBER(X36),Parámetros!$B$2,0)+IF(ISNUMBER(Y36),Parámetros!$B$3,0)+IF(ISNUMBER(Z36),Parámetros!$B$4,0)+IF(ISNUMBER(AA36),Parámetros!$B$5,0)+IF(ISNUMBER(AB36),Parámetros!$B$6,0)+IF(ISNUMBER(AC36),Parámetros!$B$7,0)+IF(ISNUMBER(AD36),Parámetros!$B$8,0)+IF(ISNUMBER(AE36),Parámetros!$B$9,0)+IF(ISNUMBER(AF36),Parámetros!$B$10,0)+IF(ISNUMBER(AG36),Parámetros!$B$11,0))) | AJ36: =IF(AND(ISNUMBER(Y36),N(Y36)<60),69.9,IF(OR(AND(ISNUMBER(AE36),N(AE36)<80),AND(ISNUMBER(AC36),N(AC36)<50,N(O36)>=2)),84.9,100)) -> 100 | AK36: =IF(AI36="","",MIN(AI36,AJ36)) | AL36: =IF($C36="","",IF(AK36="","Gris — menos de 3 fuentes",IF(AND(AK36<Parámetros!$B$14,N36<>"",N(N36)<Parámetros!$B$15,N(Y36)>=60),"Gris — repetir observación",IF(AK36>=Parámetros!$B$13,"Verde",IF(AK36>=Parámetros!$B$14,"Amarillo","Rojo"))))) | AM36: =IF($C36="","",IF(AND(ISNUMBER(Y36),N(Y36)<60),"Ejecución < 60 %: rojo automático",IF(AND(ISNUMBER(AE36),N(AE36)<80),"PIAR < 80 %: máximo amarillo",IF(AND(ISNUMBER(AC36),N(AC36)<50,N(O36)>=2),"Observación < 50: máximo amarillo",IF(AND(N36<>"",N(N36)<Parámetros!$B$15),"κ < 0,60: observación descartada, repetir","")))))
X37: =IF(N(E37)>0,MIN(100,F37/E37*100),"") | Y37: =IF(N(G37)>0,MIN(100,H37/G37*100),"") | Z37: =IF(N(I37)>0,MIN(100,J37/I37*100),"") | AA37: =IF(K37="","",K37/24*100) | AB37: =IF(L37="","",L37/3*100) | AC37: =IF(OR(M37="",AND(N37<>"",N(N37)<Parámetros!$B$15)),"",MAX(0,MIN(100,(M37-1)/4*100))) | AD37: =IF(OR(P37="",N(Q37)=0),"",MAX(0,MIN(100,((Q37/(Q37+Parámetros!$B$16))*P37+(Parámetros!$B$16/(Q37+Parámetros!$B$16))*Parámetros!$B$17-0.1)/0.4*100))) | AE37: =IF(N(R37)>0,MIN(100,S37/R37*100),"") | AF37: =IF(N(U37)>0,MIN(100,T37/(U37*5)*100),"") | AG37: =IF(OR(V37="",N(W37)<10),"",(V37-1)/4*100) | AH37: =IF($C37="","",COUNT(X37:AG37)) | AI37: =IF(OR($C37="",N(AH37)<Parámetros!$B$18),"",(IF(ISNUMBER(X37),X37*Parámetros!$B$2,0)+IF(ISNUMBER(Y37),Y37*Parámetros!$B$3,0)+IF(ISNUMBER(Z37),Z37*Parámetros!$B$4,0)+IF(ISNUMBER(AA37),AA37*Parámetros!$B$5,0)+IF(ISNUMBER(AB37),AB37*Parámetros!$B$6,0)+IF(ISNUMBER(AC37),AC37*Parámetros!$B$7,0)+IF(ISNUMBER(AD37),AD37*Parámetros!$B$8,0)+IF(ISNUMBER(AE37),AE37*Parámetros!$B$9,0)+IF(ISNUMBER(AF37),AF37*Parámetros!$B$10,0)+IF(ISNUMBER(AG37),AG37*Parámetros!$B$11,0))/(IF(ISNUMBER(X37),Parámetros!$B$2,0)+IF(ISNUMBER(Y37),Parámetros!$B$3,0)+IF(ISNUMBER(Z37),Parámetros!$B$4,0)+IF(ISNUMBER(AA37),Parámetros!$B$5,0)+IF(ISNUMBER(AB37),Parámetros!$B$6,0)+IF(ISNUMBER(AC37),Parámetros!$B$7,0)+IF(ISNUMBER(AD37),Parámetros!$B$8,0)+IF(ISNUMBER(AE37),Parámetros!$B$9,0)+IF(ISNUMBER(AF37),Parámetros!$B$10,0)+IF(ISNUMBER(AG37),Parámetros!$B$11,0))) | AJ37: =IF(AND(ISNUMBER(Y37),N(Y37)<60),69.9,IF(OR(AND(ISNUMBER(AE37),N(AE37)<80),AND(ISNUMBER(AC37),N(AC37)<50,N(O37)>=2)),84.9,100)) -> 100 | AK37: =IF(AI37="","",MIN(AI37,AJ37)) | AL37: =IF($C37="","",IF(AK37="","Gris — menos de 3 fuentes",IF(AND(AK37<Parámetros!$B$14,N37<>"",N(N37)<Parámetros!$B$15,N(Y37)>=60),"Gris — repetir observación",IF(AK37>=Parámetros!$B$13,"Verde",IF(AK37>=Parámetros!$B$14,"Amarillo","Rojo"))))) | AM37: =IF($C37="","",IF(AND(ISNUMBER(Y37),N(Y37)<60),"Ejecución < 60 %: rojo automático",IF(AND(ISNUMBER(AE37),N(AE37)<80),"PIAR < 80 %: máximo amarillo",IF(AND(ISNUMBER(AC37),N(AC37)<50,N(O37)>=2),"Observación < 50: máximo amarillo",IF(AND(N37<>"",N(N37)<Parámetros!$B$15),"κ < 0,60: observación descartada, repetir","")))))
... X301: =IF(N(E301)>0,MIN(100,F301/E301*100),"") | Y301: =IF(N(G301)>0,MIN(100,H301/G301*100),"") | Z301: =IF(N(I301)>0,MIN(100,J301/I301*100),"") | AA301: =IF(K301="","",K301/24*100) | AB301: =IF(L301="","",L301/3*100) | AC301: =IF(OR(M301="",AND(N301<>"",N(N301)<Parámetros!$B$15)),"",MAX(0,MIN(100,(M301-1)/4*100))) | AD301: =IF(OR(P301="",N(Q301)=0),"",MAX(0,MIN(100,((Q301/(Q301+Parámetros!$B$16))*P301+(Parámetros!$B$16/(Q301+Parámetros!$B$16))*Parámetros!$B$17-0.1)/0.4*100))) | AE301: =IF(N(R301)>0,MIN(100,S301/R301*100),"") | AF301: =IF(N(U301)>0,MIN(100,T301/(U301*5)*100),"") | AG301: =IF(OR(V301="",N(W301)<10),"",(V301-1)/4*100) | AH301: =IF($C301="","",COUNT(X301:AG301)) | AI301: =IF(OR($C301="",N(AH301)<Parámetros!$B$18),"",(IF(ISNUMBER(X301),X301*Parámetros!$B$2,0)+IF(ISNUMBER(Y301),Y301*Parámetros!$B$3,0)+IF(ISNUMBER(Z301),Z301*Parámetros!$B$4,0)+IF(ISNUMBER(AA301),AA301*Parámetros!$B$5,0)+IF(ISNUMBER(AB301),AB301*Parámetros!$B$6,0)+IF(ISNUMBER(AC301),AC301*Parámetros!$B$7,0)+IF(ISNUMBER(AD301),AD301*Parámetros!$B$8,0)+IF(ISNUMBER(AE301),AE301*Parámetros!$B$9,0)+IF(ISNUMBER(AF301),AF301*Parámetros!$B$10,0)+IF(ISNUMBER(AG301),AG301*Parámetros!$B$11,0))/(IF(ISNUMBER(X301),Parámetros!$B$2,0)+IF(ISNUMBER(Y301),Parámetros!$B$3,0)+IF(ISNUMBER(Z301),Parámetros!$B$4,0)+IF(ISNUMBER(AA301),Parámetros!$B$5,0)+IF(ISNUMBER(AB301),Parámetros!$B$6,0)+IF(ISNUMBER(AC301),Parámetros!$B$7,0)+IF(ISNUMBER(AD301),Parámetros!$B$8,0)+IF(ISNUMBER(AE301),Parámetros!$B$9,0)+IF(ISNUMBER(AF301),Parámetros!$B$10,0)+IF(ISNUMBER(AG301),Parámetros!$B$11,0))) | AJ301: =IF(AND(ISNUMBER(Y301),N(Y301)<60),69.9,IF(OR(AND(ISNUMBER(AE301),N(AE301)<80),AND(ISNUMBER(AC301),N(AC301)<50,N(O301)>=2)),84.9,100)) -> 100 | AK301: =IF(AI301="","",MIN(AI301,AJ301)) | AL301: =IF($C301="","",IF(AK301="","Gris — menos de 3 fuentes",IF(AND(AK301<Parámetros!$B$14,N301<>"",N(N301)<Parámetros!$B$15,N(Y301)>=60),"Gris — repetir observación",IF(AK301>=Parámetros!$B$13,"Verde",IF(AK301>=Parámetros!$B$14,"Amarillo","Rojo"))))) | AM301: =IF($C301="","",IF(AND(ISNUMBER(Y301),N(Y301)<60),"Ejecución < 60 %: rojo automático",IF(AND(ISNUMBER(AE301),N(AE301)<80),"PIAR < 80 %: máximo amarillo",IF(AND(ISNUMBER(AC301),N(AC301)<50,N(O301)>=2),"Observación < 50: máximo amarillo",IF(AND(N301<>"",N(N301)<Parámetros!$B$15),"κ < 0,60: observación descartada, repetir","")))))

Sheet Tablero
A1: TABLERO DEL AÑO
A3: Año a analizar | B3: =Dashboard!$E$4 -> 2027 | C3: ← se cambia en la hoja Dashboard
A4: Período (0 = año completo) | B4: =Dashboard!$K$4 -> 0
A6: ICD institucional | B6: =IFERROR(AVERAGEIFS(Registro!$AK$2:$AK$301,Registro!$A$2:$A$301,$B$3,Registro!$B$2:$B$301,IF($B$4=0,">0",$B$4)),"—") -> 77.551464
A7: Registros en Verde | B7: =COUNTIFS(Registro!$A$2:$A$301,$B$3,Registro!$B$2:$B$301,IF($B$4=0,">0",$B$4),Registro!$AL$2:$AL$301,"Verde") -> 5
A8: Registros en Amarillo | B8: =COUNTIFS(Registro!$A$2:$A$301,$B$3,Registro!$B$2:$B$301,IF($B$4=0,">0",$B$4),Registro!$AL$2:$AL$301,"Amarillo") -> 8
A9: Registros en Rojo | B9: =COUNTIFS(Registro!$A$2:$A$301,$B$3,Registro!$B$2:$B$301,IF($B$4=0,">0",$B$4),Registro!$AL$2:$AL$301,"Rojo") -> 3
A10: Registros en Gris (faltan datos) | B10: =COUNTIFS(Registro!$A$2:$A$301,$B$3,Registro!$B$2:$B$301,IF($B$4=0,">0",$B$4),Registro!$AL$2:$AL$301,"Gris*") -> 0
A12: Componente (promedio institucional) | B12: Valor | C12: Meta / lectura
A13: C1 Planeación entregada a tiempo | B13: =IFERROR(AVERAGEIFS(Registro!$X$2:$X$301,Registro!$A$2:$A$301,$B$3,Registro!$B$2:$B$301,IF($B$4=0,">0",$B$4)),"—") -> 82.5 | C13: ≥ 85 verde · 70–84 amarillo · < 70 rojo
A14: C2 Ejecución de semanas planeadas | B14: =IFERROR(AVERAGEIFS(Registro!$Y$2:$Y$301,Registro!$A$2:$A$301,$B$3,Registro!$B$2:$B$301,IF($B$4=0,">0",$B$4)),"—") -> 88.125 | C14: ≥ 85 verde · 70–84 amarillo · < 70 rojo
A15: C3 Cobertura de DBA | B15: =IFERROR(AVERAGEIFS(Registro!$Z$2:$Z$301,Registro!$A$2:$A$301,$B$3,Registro!$B$2:$B$301,IF($B$4=0,">0",$B$4)),"—") -> 84.375 | C15: ≥ 85 verde · 70–84 amarillo · < 70 rojo
A16: C4 Calidad del planeador (R1) | B16: =IFERROR(AVERAGEIFS(Registro!$AA$2:$AA$301,Registro!$A$2:$A$301,$B$3,Registro!$B$2:$B$301,IF($B$4=0,">0",$B$4)),"—") -> 73.4375 | C16: ≥ 85 verde · 70–84 amarillo · < 70 rojo
A17: C5 Revisión de cuadernos (R2) | B17: =IFERROR(AVERAGEIFS(Registro!$AB$2:$AB$301,Registro!$A$2:$A$301,$B$3,Registro!$B$2:$B$301,IF($B$4=0,">0",$B$4)),"—") -> 74.166667 | C17: ≥ 85 verde · 70–84 amarillo · < 70 rojo
A18: C6 Observación de aula (Teach) | B18: =IFERROR(AVERAGEIFS(Registro!$AC$2:$AC$301,Registro!$A$2:$A$301,$B$3,Registro!$B$2:$B$301,IF($B$4=0,">0",$B$4)),"—") -> 73.125 | C18: ≥ 85 verde · 70–84 amarillo · < 70 rojo
A19: C7 Ganancia de aprendizaje | B19: =IFERROR(AVERAGEIFS(Registro!$AD$2:$AD$301,Registro!$A$2:$A$301,$B$3,Registro!$B$2:$B$301,IF($B$4=0,">0",$B$4)),"—") -> 71.154699 | C19: ≥ 85 verde · 70–84 amarillo · < 70 rojo
A20: C8 PIAR y ajustes razonables | B20: =IFERROR(AVERAGEIFS(Registro!$AE$2:$AE$301,Registro!$A$2:$A$301,$B$3,Registro!$B$2:$B$301,IF($B$4=0,">0",$B$4)),"—") -> 94.444444 | C20: ≥ 85 verde · 70–84 amarillo · < 70 rojo
A21: C9 Proyectos transversales | B21: =IFERROR(AVERAGEIFS(Registro!$AF$2:$AF$301,Registro!$A$2:$A$301,$B$3,Registro!$B$2:$B$301,IF($B$4=0,">0",$B$4)),"—") -> 85 | C21: ≥ 85 verde · 70–84 amarillo · < 70 rojo
A22: C10 Percepción estudiantil (7Cs adaptada) | B22: =IFERROR(AVERAGEIFS(Registro!$AG$2:$AG$301,Registro!$A$2:$A$301,$B$3,Registro!$B$2:$B$301,IF($B$4=0,">0",$B$4)),"—") -> 80.625 | C22: ≥ 85 verde · 70–84 amarillo · < 70 rojo
A25: Docente | B25: ICD del año/período | C25: Estado | D25: Escriba o pegue los nombres de los docentes en la columna A
A26: EJEMPLO Docente A | B26: =IF(A26="","",IFERROR(AVERAGEIFS(Registro!$AK$2:$AK$301,Registro!$A$2:$A$301,$B$3,Registro!$B$2:$B$301,IF($B$4=0,">0",$B$4),Registro!$C$2:$C$301,A26),"Sin datos")) -> 94.231264 | C26: =IF(OR(A26="",NOT(ISNUMBER(B26))),"",IF(B26>=Parámetros!$B$13,"Verde",IF(B26>=Parámetros!$B$14,"Amarillo","Rojo"))) -> Verde
A27: EJEMPLO Docente B | B27: =IF(A27="","",IFERROR(AVERAGEIFS(Registro!$AK$2:$AK$301,Registro!$A$2:$A$301,$B$3,Registro!$B$2:$B$301,IF($B$4=0,">0",$B$4),Registro!$C$2:$C$301,A27),"Sin datos")) -> 82.770969 | C27: =IF(OR(A27="",NOT(ISNUMBER(B27))),"",IF(B27>=Parámetros!$B$13,"Verde",IF(B27>=Parámetros!$B$14,"Amarillo","Rojo"))) -> Amarillo
A28: EJEMPLO Docente C | B28: =IF(A28="","",IFERROR(AVERAGEIFS(Registro!$AK$2:$AK$301,Registro!$A$2:$A$301,$B$3,Registro!$B$2:$B$301,IF($B$4=0,">0",$B$4),Registro!$C$2:$C$301,A28),"Sin datos")) -> 68.571904 | C28: =IF(OR(A28="",NOT(ISNUMBER(B28))),"",IF(B28>=Parámetros!$B$13,"Verde",IF(B28>=Parámetros!$B$14,"Amarillo","Rojo"))) -> Rojo
A29: EJEMPLO Docente D | B29: =IF(A29="","",IFERROR(AVERAGEIFS(Registro!$AK$2:$AK$301,Registro!$A$2:$A$301,$B$3,Registro!$B$2:$B$301,IF($B$4=0,">0",$B$4),Registro!$C$2:$C$301,A29),"Sin datos")) -> 91.159835 | C29: =IF(OR(A29="",NOT(ISNUMBER(B29))),"",IF(B29>=Parámetros!$B$13,"Verde",IF(B29>=Parámetros!$B$14,"Amarillo","Rojo"))) -> Verde
A30: EJEMPLO Docente E | B30: =IF(A30="","",IFERROR(AVERAGEIFS(Registro!$AK$2:$AK$301,Registro!$A$2:$A$301,$B$3,Registro!$B$2:$B$301,IF($B$4=0,">0",$B$4),Registro!$C$2:$C$301,A30),"Sin datos")) -> 72.372685 | C30: =IF(OR(A30="",NOT(ISNUMBER(B30))),"",IF(B30>=Parámetros!$B$13,"Verde",IF(B30>=Parámetros!$B$14,"Amarillo","Rojo"))) -> Amarillo
A31: EJEMPLO Docente F | B31: =IF(A31="","",IFERROR(AVERAGEIFS(Registro!$AK$2:$AK$301,Registro!$A$2:$A$301,$B$3,Registro!$B$2:$B$301,IF($B$4=0,">0",$B$4),Registro!$C$2:$C$301,A31),"Sin datos")) -> 52.429919 | C31: =IF(OR(A31="",NOT(ISNUMBER(B31))),"",IF(B31>=Parámetros!$B$13,"Verde",IF(B31>=Parámetros!$B$14,"Amarillo","Rojo"))) -> Rojo
A32: EJEMPLO Docente G | B32: =IF(A32="","",IFERROR(AVERAGEIFS(Registro!$AK$2:$AK$301,Registro!$A$2:$A$301,$B$3,Registro!$B$2:$B$301,IF($B$4=0,">0",$B$4),Registro!$C$2:$C$301,A32),"Sin datos")) -> 85.7295 | C32: =IF(OR(A32="",NOT(ISNUMBER(B32))),"",IF(B32>=Parámetros!$B$13,"Verde",IF(B32>=Parámetros!$B$14,"Amarillo","Rojo"))) -> Verde
A33: EJEMPLO Docente H | B33: =IF(A33="","",IFERROR(AVERAGEIFS(Registro!$AK$2:$AK$301,Registro!$A$2:$A$301,$B$3,Registro!$B$2:$B$301,IF($B$4=0,">0",$B$4),Registro!$C$2:$C$301,A33),"Sin datos")) -> 73.145634 | C33: =IF(OR(A33="",NOT(ISNUMBER(B33))),"",IF(B33>=Parámetros!$B$13,"Verde",IF(B33>=Parámetros!$B$14,"Amarillo","Rojo"))) -> Amarillo
B34: =IF(A34="","",IFERROR(AVERAGEIFS(Registro!$AK$2:$AK$301,Registro!$A$2:$A$301,$B$3,Registro!$B$2:$B$301,IF($B$4=0,">0",$B$4),Registro!$C$2:$C$301,A34),"Sin datos")) | C34: =IF(OR(A34="",NOT(ISNUMBER(B34))),"",IF(B34>=Parámetros!$B$13,"Verde",IF(B34>=Parámetros!$B$14,"Amarillo","Rojo")))
B35: =IF(A35="","",IFERROR(AVERAGEIFS(Registro!$AK$2:$AK$301,Registro!$A$2:$A$301,$B$3,Registro!$B$2:$B$301,IF($B$4=0,">0",$B$4),Registro!$C$2:$C$301,A35),"Sin datos")) | C35: =IF(OR(A35="",NOT(ISNUMBER(B35))),"",IF(B35>=Parámetros!$B$13,"Verde",IF(B35>=Parámetros!$B$14,"Amarillo","Rojo")))
B36: =IF(A36="","",IFERROR(AVERAGEIFS(Registro!$AK$2:$AK$301,Registro!$A$2:$A$301,$B$3,Registro!$B$2:$B$301,IF($B$4=0,">0",$B$4),Registro!$C$2:$C$301,A36),"Sin datos")) | C36: =IF(OR(A36="",NOT(ISNUMBER(B36))),"",IF(B36>=Parámetros!$B$13,"Verde",IF(B36>=Parámetros!$B$14,"Amarillo","Rojo")))
B37: =IF(A37="","",IFERROR(AVERAGEIFS(Registro!$AK$2:$AK$301,Registro!$A$2:$A$301,$B$3,Registro!$B$2:$B$301,IF($B$4=0,">0",$B$4),Registro!$C$2:$C$301,A37),"Sin datos")) | C37: =IF(OR(A37="",NOT(ISNUMBER(B37))),"",IF(B37>=Parámetros!$B$13,"Verde",IF(B37>=Parámetros!$B$14,"Amarillo","Rojo")))
B38: =IF(A38="","",IFERROR(AVERAGEIFS(Registro!$AK$2:$AK$301,Registro!$A$2:$A$301,$B$3,Registro!$B$2:$B$301,IF($B$4=0,">0",$B$4),Registro!$C$2:$C$301,A38),"Sin datos")) | C38: =IF(OR(A38="",NOT(ISNUMBER(B38))),"",IF(B38>=Parámetros!$B$13,"Verde",IF(B38>=Parámetros!$B$14,"Amarillo","Rojo")))
B39: =IF(A39="","",IFERROR(AVERAGEIFS(Registro!$AK$2:$AK$301,Registro!$A$2:$A$301,$B$3,Registro!$B$2:$B$301,IF($B$4=0,">0",$B$4),Registro!$C$2:$C$301,A39),"Sin datos")) | C39: =IF(OR(A39="",NOT(ISNUMBER(B39))),"",IF(B39>=Parámetros!$B$13,"Verde",IF(B39>=Parámetros!$B$14,"Amarillo","Rojo")))
B40: =IF(A40="","",IFERROR(AVERAGEIFS(Registro!$AK$2:$AK$301,Registro!$A$2:$A$301,$B$3,Registro!$B$2:$B$301,IF($B$4=0,">0",$B$4),Registro!$C$2:$C$301,A40),"Sin datos")) | C40: =IF(OR(A40="",NOT(ISNUMBER(B40))),"",IF(B40>=Parámetros!$B$13,"Verde",IF(B40>=Parámetros!$B$14,"Amarillo","Rojo")))
B41: =IF(A41="","",IFERROR(AVERAGEIFS(Registro!$AK$2:$AK$301,Registro!$A$2:$A$301,$B$3,Registro!$B$2:$B$301,IF($B$4=0,">0",$B$4),Registro!$C$2:$C$301,A41),"Sin datos")) | C41: =IF(OR(A41="",NOT(ISNUMBER(B41))),"",IF(B41>=Parámetros!$B$13,"Verde",IF(B41>=Parámetros!$B$14,"Amarillo","Rojo")))
B42: =IF(A42="","",IFERROR(AVERAGEIFS(Registro!$AK$2:$AK$301,Registro!$A$2:$A$301,$B$3,Registro!$B$2:$B$301,IF($B$4=0,">0",$B$4),Registro!$C$2:$C$301,A42),"Sin datos")) | C42: =IF(OR(A42="",NOT(ISNUMBER(B42))),"",IF(B42>=Parámetros!$B$13,"Verde",IF(B42>=Parámetros!$B$14,"Amarillo","Rojo")))
B43: =IF(A43="","",IFERROR(AVERAGEIFS(Registro!$AK$2:$AK$301,Registro!$A$2:$A$301,$B$3,Registro!$B$2:$B$301,IF($B$4=0,">0",$B$4),Registro!$C$2:$C$301,A43),"Sin datos")) | C43: =IF(OR(A43="",NOT(ISNUMBER(B43))),"",IF(B43>=Parámetros!$B$13,"Verde",IF(B43>=Parámetros!$B$14,"Amarillo","Rojo")))
B44: =IF(A44="","",IFERROR(AVERAGEIFS(Registro!$AK$2:$AK$301,Registro!$A$2:$A$301,$B$3,Registro!$B$2:$B$301,IF($B$4=0,">0",$B$4),Registro!$C$2:$C$301,A44),"Sin datos")) | C44: =IF(OR(A44="",NOT(ISNUMBER(B44))),"",IF(B44>=Parámetros!$B$13,"Verde",IF(B44>=Parámetros!$B$14,"Amarillo","Rojo")))
B45: =IF(A45="","",IFERROR(AVERAGEIFS(Registro!$AK$2:$AK$301,Registro!$A$2:$A$301,$B$3,Registro!$B$2:$B$301,IF($B$4=0,">0",$B$4),Registro!$C$2:$C$301,A45),"Sin datos")) | C45: =IF(OR(A45="",NOT(ISNUMBER(B45))),"",IF(B45>=Parámetros!$B$13,"Verde",IF(B45>=Parámetros!$B$14,"Amarillo","Rojo")))
... B65: =IF(A65="","",IFERROR(AVERAGEIFS(Registro!$AK$2:$AK$301,Registro!$A$2:$A$301,$B$3,Registro!$B$2:$B$301,IF($B$4=0,">0",$B$4),Registro!$C$2:$C$301,A65),"Sin datos")) | C65: =IF(OR(A65="",NOT(ISNUMBER(B65))),"",IF(B65>=Parámetros!$B$13,"Verde",IF(B65>=Parámetros!$B$14,"Amarillo","Rojo")))

Sheet Año vs año
A1: COMPARATIVO INTERANUAL (mismas fórmulas, misma escala)
A2: Una variación ≥ 5 puntos se considera cambio real. Agregue años en la fila 4 (texto).
A4: Indicador | B4: 2027 | C4: 2028 | D4: 2029 | E4: 2030 | F4: 2031 | G4: Δ último año con dato | H4: Tendencia
A5: ICD institucional | B5: =IFERROR(AVERAGEIFS(Registro!$AK$2:$AK$301,Registro!$A$2:$A$301,VALUE(B$4)),"") -> 77.551464 | C5: =IFERROR(AVERAGEIFS(Registro!$AK$2:$AK$301,Registro!$A$2:$A$301,VALUE(C$4)),"") -> 82.607318 | D5: =IFERROR(AVERAGEIFS(Registro!$AK$2:$AK$301,Registro!$A$2:$A$301,VALUE(D$4)),"") | E5: =IFERROR(AVERAGEIFS(Registro!$AK$2:$AK$301,Registro!$A$2:$A$301,VALUE(E$4)),"") | F5: =IFERROR(AVERAGEIFS(Registro!$AK$2:$AK$301,Registro!$A$2:$A$301,VALUE(F$4)),"") | G5: =IFERROR(LOOKUP(2,1/ISNUMBER(B5:F5),B5:F5)-INDEX(B5:F5,MATCH(2,1/ISNUMBER(B5:F5))-1),"") -> 5.0558538 | H5: =IF(G5="","—",IF(G5>=5,"↑ mejora",IF(G5<=-5,"↓ retroceso","= estable"))) -> ↑ mejora
A6: C1 Planeación entregada a tiempo | B6: =IFERROR(AVERAGEIFS(Registro!$X$2:$X$301,Registro!$A$2:$A$301,VALUE(B$4)),"") -> 82.5 | C6: =IFERROR(AVERAGEIFS(Registro!$X$2:$X$301,Registro!$A$2:$A$301,VALUE(C$4)),"") -> 88.75 | D6: =IFERROR(AVERAGEIFS(Registro!$X$2:$X$301,Registro!$A$2:$A$301,VALUE(D$4)),"") | E6: =IFERROR(AVERAGEIFS(Registro!$X$2:$X$301,Registro!$A$2:$A$301,VALUE(E$4)),"") | F6: =IFERROR(AVERAGEIFS(Registro!$X$2:$X$301,Registro!$A$2:$A$301,VALUE(F$4)),"") | G6: =IFERROR(LOOKUP(2,1/ISNUMBER(B6:F6),B6:F6)-INDEX(B6:F6,MATCH(2,1/ISNUMBER(B6:F6))-1),"") -> 6.25 | H6: =IF(G6="","—",IF(G6>=5,"↑ mejora",IF(G6<=-5,"↓ retroceso","= estable"))) -> ↑ mejora
A7: C2 Ejecución de semanas planeadas | B7: =IFERROR(AVERAGEIFS(Registro!$Y$2:$Y$301,Registro!$A$2:$A$301,VALUE(B$4)),"") -> 88.125 | C7: =IFERROR(AVERAGEIFS(Registro!$Y$2:$Y$301,Registro!$A$2:$A$301,VALUE(C$4)),"") -> 91.25 | D7: =IFERROR(AVERAGEIFS(Registro!$Y$2:$Y$301,Registro!$A$2:$A$301,VALUE(D$4)),"") | E7: =IFERROR(AVERAGEIFS(Registro!$Y$2:$Y$301,Registro!$A$2:$A$301,VALUE(E$4)),"") | F7: =IFERROR(AVERAGEIFS(Registro!$Y$2:$Y$301,Registro!$A$2:$A$301,VALUE(F$4)),"") | G7: =IFERROR(LOOKUP(2,1/ISNUMBER(B7:F7),B7:F7)-INDEX(B7:F7,MATCH(2,1/ISNUMBER(B7:F7))-1),"") -> 3.125 | H7: =IF(G7="","—",IF(G7>=5,"↑ mejora",IF(G7<=-5,"↓ retroceso","= estable"))) -> = estable
A8: C3 Cobertura de DBA | B8: =IFERROR(AVERAGEIFS(Registro!$Z$2:$Z$301,Registro!$A$2:$A$301,VALUE(B$4)),"") -> 84.375 | C8: =IFERROR(AVERAGEIFS(Registro!$Z$2:$Z$301,Registro!$A$2:$A$301,VALUE(C$4)),"") -> 89.583333 | D8: =IFERROR(AVERAGEIFS(Registro!$Z$2:$Z$301,Registro!$A$2:$A$301,VALUE(D$4)),"") | E8: =IFERROR(AVERAGEIFS(Registro!$Z$2:$Z$301,Registro!$A$2:$A$301,VALUE(E$4)),"") | F8: =IFERROR(AVERAGEIFS(Registro!$Z$2:$Z$301,Registro!$A$2:$A$301,VALUE(F$4)),"") | G8: =IFERROR(LOOKUP(2,1/ISNUMBER(B8:F8),B8:F8)-INDEX(B8:F8,MATCH(2,1/ISNUMBER(B8:F8))-1),"") -> 5.2083333 | H8: =IF(G8="","—",IF(G8>=5,"↑ mejora",IF(G8<=-5,"↓ retroceso","= estable"))) -> ↑ mejora
A9: C4 Calidad del planeador (R1) | B9: =IFERROR(AVERAGEIFS(Registro!$AA$2:$AA$301,Registro!$A$2:$A$301,VALUE(B$4)),"") -> 73.4375 | C9: =IFERROR(AVERAGEIFS(Registro!$AA$2:$AA$301,Registro!$A$2:$A$301,VALUE(C$4)),"") -> 80.208333 | D9: =IFERROR(AVERAGEIFS(Registro!$AA$2:$AA$301,Registro!$A$2:$A$301,VALUE(D$4)),"") | E9: =IFERROR(AVERAGEIFS(Registro!$AA$2:$AA$301,Registro!$A$2:$A$301,VALUE(E$4)),"") | F9: =IFERROR(AVERAGEIFS(Registro!$AA$2:$AA$301,Registro!$A$2:$A$301,VALUE(F$4)),"") | G9: =IFERROR(LOOKUP(2,1/ISNUMBER(B9:F9),B9:F9)-INDEX(B9:F9,MATCH(2,1/ISNUMBER(B9:F9))-1),"") -> 6.7708333 | H9: =IF(G9="","—",IF(G9>=5,"↑ mejora",IF(G9<=-5,"↓ retroceso","= estable"))) -> ↑ mejora
A10: C5 Revisión de cuadernos (R2) | B10: =IFERROR(AVERAGEIFS(Registro!$AB$2:$AB$301,Registro!$A$2:$A$301,VALUE(B$4)),"") -> 74.166667 | C10: =IFERROR(AVERAGEIFS(Registro!$AB$2:$AB$301,Registro!$A$2:$A$301,VALUE(C$4)),"") -> 79.583333 | D10: =IFERROR(AVERAGEIFS(Registro!$AB$2:$AB$301,Registro!$A$2:$A$301,VALUE(D$4)),"") | E10: =IFERROR(AVERAGEIFS(Registro!$AB$2:$AB$301,Registro!$A$2:$A$301,VALUE(E$4)),"") | F10: =IFERROR(AVERAGEIFS(Registro!$AB$2:$AB$301,Registro!$A$2:$A$301,VALUE(F$4)),"") | G10: =IFERROR(LOOKUP(2,1/ISNUMBER(B10:F10),B10:F10)-INDEX(B10:F10,MATCH(2,1/ISNUMBER(B10:F10))-1),"") -> 5.4166667 | H10: =IF(G10="","—",IF(G10>=5,"↑ mejora",IF(G10<=-5,"↓ retroceso","= estable"))) -> ↑ mejora
A11: C6 Observación de aula (Teach) | B11: =IFERROR(AVERAGEIFS(Registro!$AC$2:$AC$301,Registro!$A$2:$A$301,VALUE(B$4)),"") -> 73.125 | C11: =IFERROR(AVERAGEIFS(Registro!$AC$2:$AC$301,Registro!$A$2:$A$301,VALUE(C$4)),"") -> 77.8125 | D11: =IFERROR(AVERAGEIFS(Registro!$AC$2:$AC$301,Registro!$A$2:$A$301,VALUE(D$4)),"") | E11: =IFERROR(AVERAGEIFS(Registro!$AC$2:$AC$301,Registro!$A$2:$A$301,VALUE(E$4)),"") | F11: =IFERROR(AVERAGEIFS(Registro!$AC$2:$AC$301,Registro!$A$2:$A$301,VALUE(F$4)),"") | G11: =IFERROR(LOOKUP(2,1/ISNUMBER(B11:F11),B11:F11)-INDEX(B11:F11,MATCH(2,1/ISNUMBER(B11:F11))-1),"") -> 4.6875 | H11: =IF(G11="","—",IF(G11>=5,"↑ mejora",IF(G11<=-5,"↓ retroceso","= estable"))) -> = estable
A12: C7 Ganancia de aprendizaje | B12: =IFERROR(AVERAGEIFS(Registro!$AD$2:$AD$301,Registro!$A$2:$A$301,VALUE(B$4)),"") -> 71.154699 | C12: =IFERROR(AVERAGEIFS(Registro!$AD$2:$AD$301,Registro!$A$2:$A$301,VALUE(C$4)),"") -> 76.874559 | D12: =IFERROR(AVERAGEIFS(Registro!$AD$2:$AD$301,Registro!$A$2:$A$301,VALUE(D$4)),"") | E12: =IFERROR(AVERAGEIFS(Registro!$AD$2:$AD$301,Registro!$A$2:$A$301,VALUE(E$4)),"") | F12: =IFERROR(AVERAGEIFS(Registro!$AD$2:$AD$301,Registro!$A$2:$A$301,VALUE(F$4)),"") | G12: =IFERROR(LOOKUP(2,1/ISNUMBER(B12:F12),B12:F12)-INDEX(B12:F12,MATCH(2,1/ISNUMBER(B12:F12))-1),"") -> 5.7198603 | H12: =IF(G12="","—",IF(G12>=5,"↑ mejora",IF(G12<=-5,"↓ retroceso","= estable"))) -> ↑ mejora
A13: C8 PIAR y ajustes razonables | B13: =IFERROR(AVERAGEIFS(Registro!$AE$2:$AE$301,Registro!$A$2:$A$301,VALUE(B$4)),"") -> 94.444444 | C13: =IFERROR(AVERAGEIFS(Registro!$AE$2:$AE$301,Registro!$A$2:$A$301,VALUE(C$4)),"") -> 100 | D13: =IFERROR(AVERAGEIFS(Registro!$AE$2:$AE$301,Registro!$A$2:$A$301,VALUE(D$4)),"") | E13: =IFERROR(AVERAGEIFS(Registro!$AE$2:$AE$301,Registro!$A$2:$A$301,VALUE(E$4)),"") | F13: =IFERROR(AVERAGEIFS(Registro!$AE$2:$AE$301,Registro!$A$2:$A$301,VALUE(F$4)),"") | G13: =IFERROR(LOOKUP(2,1/ISNUMBER(B13:F13),B13:F13)-INDEX(B13:F13,MATCH(2,1/ISNUMBER(B13:F13))-1),"") -> 5.5555556 | H13: =IF(G13="","—",IF(G13>=5,"↑ mejora",IF(G13<=-5,"↓ retroceso","= estable"))) -> ↑ mejora
A14: C9 Proyectos transversales | B14: =IFERROR(AVERAGEIFS(Registro!$AF$2:$AF$301,Registro!$A$2:$A$301,VALUE(B$4)),"") -> 85 | C14: =IFERROR(AVERAGEIFS(Registro!$AF$2:$AF$301,Registro!$A$2:$A$301,VALUE(C$4)),"") -> 87.5 | D14: =IFERROR(AVERAGEIFS(Registro!$AF$2:$AF$301,Registro!$A$2:$A$301,VALUE(D$4)),"") | E14: =IFERROR(AVERAGEIFS(Registro!$AF$2:$AF$301,Registro!$A$2:$A$301,VALUE(E$4)),"") | F14: =IFERROR(AVERAGEIFS(Registro!$AF$2:$AF$301,Registro!$A$2:$A$301,VALUE(F$4)),"") | G14: =IFERROR(LOOKUP(2,1/ISNUMBER(B14:F14),B14:F14)-INDEX(B14:F14,MATCH(2,1/ISNUMBER(B14:F14))-1),"") -> 2.5 | H14: =IF(G14="","—",IF(G14>=5,"↑ mejora",IF(G14<=-5,"↓ retroceso","= estable"))) -> = estable
A15: C10 Percepción estudiantil (7Cs adaptada) | B15: =IFERROR(AVERAGEIFS(Registro!$AG$2:$AG$301,Registro!$A$2:$A$301,VALUE(B$4)),"") -> 80.625 | C15: =IFERROR(AVERAGEIFS(Registro!$AG$2:$AG$301,Registro!$A$2:$A$301,VALUE(C$4)),"") -> 83.75 | D15: =IFERROR(AVERAGEIFS(Registro!$AG$2:$AG$301,Registro!$A$2:$A$301,VALUE(D$4)),"") | E15: =IFERROR(AVERAGEIFS(Registro!$AG$2:$AG$301,Registro!$A$2:$A$301,VALUE(E$4)),"") | F15: =IFERROR(AVERAGEIFS(Registro!$AG$2:$AG$301,Registro!$A$2:$A$301,VALUE(F$4)),"") | G15: =IFERROR(LOOKUP(2,1/ISNUMBER(B15:F15),B15:F15)-INDEX(B15:F15,MATCH(2,1/ISNUMBER(B15:F15))-1),"") -> 3.125 | H15: =IF(G15="","—",IF(G15>=5,"↑ mejora",IF(G15<=-5,"↓ retroceso","= estable"))) -> = estable
A17: Docentes en rojo (registros) | B17: =COUNTIFS(Registro!$A$2:$A$301,VALUE(B$4),Registro!$AL$2:$AL$301,"Rojo") -> 3 | C17: =COUNTIFS(Registro!$A$2:$A$301,VALUE(C$4),Registro!$AL$2:$AL$301,"Rojo") -> 1 | D17: =COUNTIFS(Registro!$A$2:$A$301,VALUE(D$4),Registro!$AL$2:$AL$301,"Rojo") -> 0 | E17: =COUNTIFS(Registro!$A$2:$A$301,VALUE(E$4),Registro!$AL$2:$AL$301,"Rojo") -> 0 | F17: =COUNTIFS(Registro!$A$2:$A$301,VALUE(F$4),Registro!$AL$2:$AL$301,"Rojo") -> 0

Sheet Lecciones
A1: Año | B1: Indicador | C1: Meta | D1: Resultado | E1: Brecha | F1: Causa raíz (5 porqués) | G1: Decisión | H1: Acción para el año siguiente | I1: Responsable | J1: Fecha de verificación
A2: 2027 | B2: EJEMPLO: C2 Ejecución | C2: 90 | D2: 84 | E2: =IF(OR(C2="",D2=""),"",D2-C2) -> -6 | F2: Semanas de evaluación y eventos no contemplados en la malla | G2: Ajustar | H2: Reservar 1 semana de margen por período en la malla 2028 | I2: Coordinación académica | J2: 2028-04-15
E3: =IF(OR(C3="",D3=""),"",D3-C3)
E4: =IF(OR(C4="",D4=""),"",D4-C4)
E5: =IF(OR(C5="",D5=""),"",D5-C5)
E6: =IF(OR(C6="",D6=""),"",D6-C6)
E7: =IF(OR(C7="",D7=""),"",D7-C7)
E8: =IF(OR(C8="",D8=""),"",D8-C8)
E9: =IF(OR(C9="",D9=""),"",D9-C9)
E10: =IF(OR(C10="",D10=""),"",D10-C10)
E11: =IF(OR(C11="",D11=""),"",D11-C11)
E12: =IF(OR(C12="",D12=""),"",D12-C12)
E13: =IF(OR(C13="",D13=""),"",D13-C13)
E14: =IF(OR(C14="",D14=""),"",D14-C14)
... E200: =IF(OR(C200="",D200=""),"",D200-C200)
